tree
version=v4
num_class=3
num_tree_per_iteration=3
label_index=0
max_feature_idx=8
objective=multiclass num_class:3
feature_names=participates_in_group speaks_to_peers initiates_play responds_to_teacher eye_contact withdrawal_score separation_anxiety tantrums attention_span
feature_infos=[0:2] [0:2] [0:2] [0:2] [0:2] [0:2] [0:2] [0:2] [0:2]
tree_sizes=1734 1722 1748 1760 1765 1749 1750 1771 1753 1755 1768 1756 1754 1778 1748 1757 1778 1759 1769 1784 1775 1751 1775 1776 1772 1771 1775 1769 1768 1774 1762 1767 1781 1762 1768 1773 1768 1772 1780 1768 1786 1782 1775 1783 1781 1767 1783 1775 1760 1777 1795 1775 1775 1791 1783 1772 1767 1772 1782 1778

Tree=0
num_leaves=15
num_cat=0
split_feature=0 1 3 2 1 3 2 0 2 2 5 2 3 3
split_gain=81658.8 45519 16265.9 19317.1 12124.8 16194.4 18507.3 5162.3 4526.75 2152.62 4213 800.3 868.097 1.10732
threshold=1.5000000000000002 1.5000000000000002 1.5000000000000002 1.5000000000000002 1.5000000000000002 1.5000000000000002 1.5000000000000002 1.0000000180025095e-35 1.0000000180025095e-35 1.5000000000000002 1.0000000180025095e-35 1.0000000180025095e-35 1.5000000000000002 1.0000000180025095e-35
decision_type=2 2 2 2 2 2 2 2 2 2 2 2 2 2
left_child=1 9 3 -3 5 6 -2 -4 -7 -1 -11 12 -6 -13
right_child=4 2 7 -5 11 8 -8 -9 -10 10 -12 13 -14 -15
leaf_value=-1.218612293991578 -1.218612293991578 -1.218612293991578 -1.218612293991578 -0.90294142598302229 -1.0630173931769205 -1.218612293991578 -0.90561850167641134 -0.88780631691746015 -0.88311014487540285 -1.0659189226512298 -1.218612293991578 -0.86401085822722135 -0.85861229399157812 -0.85861229399157812
leaf_weight=57305.524396598339 7427.1266853958368 8108.4124108850956 727.15516658127308 4257.0839583724737 600.08249258995056 612.9953910112381 4292.7632848620415 10320.97605022788 10474.95414327085 4188.1126619875431 6870.8213162273169 570.55684147775173 596.68824076652527 13318.081533908844
leaf_count=116360 36273 37059 3653 14487 2607 3224 14676 34204 34425 16708 29802 1811 1875 41850
internal_value=-1.09861 -1.1598 -1.01539 -1.10994 -0.950412 -1.00562 -1.10397 -0.909579 -0.901658 -1.20926 -1.16079 -0.866948 -0.961105 -0.858834
internal_weight=129671 91778.1 23413.6 12365.5 37893.2 22807.8 11719.9 11048.1 11087.9 68364.5 11058.9 15085.4 1196.77 13888.6
internal_count=389014 252273 89403 51546 136741 88598 50949 37857 37649 162870 46510 48143 4482 43661
is_linear=0
shrinkage=1


Tree=1
num_leaves=15
num_cat=0
split_feature=0 1 1 2 0 3 1 0 2 2 1 3 2 3
split_gain=10813 11650.2 12354 10239 9075.64 14601.2 4939.36 4491.53 2148.37 1855.11 1358.51 1165.71 800.3 254.389
threshold=1.0000000180025095e-35 1.5000000000000002 1.0000000180025095e-35 1.0000000180025095e-35 1.5000000000000002 1.5000000000000002 1.5000000000000002 1.5000000000000002 1.0000000180025095e-35 1.5000000000000002 1.0000000180025095e-35 1.0000000180025095e-35 1.0000000180025095e-35 1.5000000000000002
decision_type=2 2 2 2 2 2 2 2 2 2 2 2 2 2
left_child=6 2 7 -4 5 -3 9 -2 13 -1 -11 -10 -6 -8
right_child=1 4 3 -5 12 -7 8 -9 11 10 -12 -13 -14 -15
leaf_value=-1.2132600575105938 -1.178574855625965 -0.98844572987455104 -1.1332541947115315 -1.0053924598198487 -1.1161198527296454 -1.1894182399331359 -1.2186122613336989 -0.99799671029941561 -1.1741626719410108 -1.2148409729125806 -1.0123902009816514 -0.91118725960352309 -1.2183904838264576 -1.0044585998132955
leaf_weight=16241.858820468187 13095.663130581379 10503.423574760556 11200.935871839523 46287.125704020262 1196.7707333564758 10320.97605022788 665.28981924057007 2337.5136071741581 287.96420527994633 780.44690372049809 1228.7568359673023 1545.2008572220802 13888.638375386596 90.773167431354523
leaf_count=10842 14623 47082 19080 193504 4482 34204 398 8898 338 505 4016 7075 43661 306
internal_value=-1.09861 -1.08345 -1.0559 -1.0303 -1.1394 -1.08805 -1.1778 -1.15122 -1.0227 -1.1998 -1.09103 -0.952497 -1.21028 -1.1929
internal_weight=129671 108831 72921.2 57488.1 35909.8 20824.4 20840.3 15433.2 2589.23 18251.1 2009.2 1833.17 15085.4 756.063
internal_count=389014 365534 236105 212584 129429 81286 23480 23521 8117 15363 4521 7413 48143 704
is_linear=0
shrinkage=1


Tree=2
num_leaves=15
num_cat=0
split_feature=0 1 2 3 1 0 1 2 2 2 2 1 3 3
split_gain=68415.9 51571.7 34805.3 20504.5 10501.4 7310.19 4939.36 3472.46 3132.23 2148.37 1855.11 1358.51 1165.71 254.389
threshold=1.0000000180025095e-35 1.0000000180025095e-35 1.0000000180025095e-35 1.0000000180025095e-35 1.5000000000000002 1.5000000000000002 1.5000000000000002 1.5000000000000002 1.0000000180025095e-35 1.0000000180025095e-35 1.5000000000000002 1.0000000180025095e-35 1.0000000180025095e-35 1.5000000000000002
decision_type=2 2 2 2 2 2 2 2 2 2 2 2 2 2
left_child=6 5 4 -4 -3 7 10 -2 -7 13 -1 -12 -11 -8
right_child=1 2 3 -5 -6 8 9 -9 -10 12 11 -13 -14 -15
leaf_value=-0.86396451501799654 -0.87933112022123705 -0.94397038417508849 -0.99188805564218818 -1.2186123065687555 -1.2110199591531927 -0.90653396403608877 -0.85861231067905242 -1.0962994943975042 -1.2157499766892457 -0.90306190401147179 -0.86238359946482412 -1.0648343827005675 -1.1660373236421733 -1.0727659839812629
leaf_weight=16241.857679396868 11929.640481010079 11200.935262441635 6232.0422477722168 73349.310399591923 2615.581506550312 655.60998250544071 665.28977179527283 1166.0218195170164 1681.9035831838846 287.96418727934361 780.44684864580631 1228.7567985355854 1545.2008411288261 90.773164808750153
leaf_count=10842 10337 19080 12889 298357 11687 799 398 4286 8099 338 505 4016 7075 306
internal_value=-1.09861 -1.13676 -1.17033 -1.20086 -0.994525 -0.933542 -0.899425 -0.89865 -1.12902 -1.05453 -0.877421 -0.986195 -1.12473 -0.884324
internal_weight=129671 108831 93397.9 79581.4 13816.5 15433.2 20840.3 13095.7 2337.51 2589.23 18251.1 2009.2 1833.17 756.063
internal_count=389014 365534 342013 311246 30767 23521 23480 14623 8898 8117 15363 4521 7413 704
is_linear=0
shrinkage=1


Tree=3
num_leaves=15
num_cat=0
split_feature=0 1 3 2 1 3 2 2 2 2 5 2 3 3
split_gain=63558.8 37467.7 11121.2 16095.4 7046.44 12407.8 15278.9 4244.68 3346.61 1908.79 3773.82 490.889 645.103 3.92434
threshold=1.5000000000000002 1.5000000000000002 1.5000000000000002 1.5000000000000002 1.5000000000000002 1.5000000000000002 1.5000000000000002 1.0000000180025095e-35 1.0000000180025095e-35 1.5000000000000002 1.0000000180025095e-35 1.0000000180025095e-35 1.5000000000000002 1.0000000180025095e-35
decision_type=2 2 2 2 2 2 2 2 2 2 2 2 2 2
left_child=1 9 3 -3 5 6 -2 -4 -7 -1 -11 12 -6 -13
right_child=4 2 7 -5 11 8 -8 -9 -10 10 -12 13 -14 -15
leaf_value=-0.11364148104707068 -0.11491568528735911 -0.11477432694850796 -0.13210198235161819 0.1710499097176568 0.026675712264882419 -0.11300971937141184 0.1672274758714804 0.17163452127978721 0.18503978350705508 0.030102630535221258 -0.11528558758410552 0.2014703288833477 0.19807752967199382 0.19164059123741661
leaf_weight=53701.124824747443 7061.5274203121662 7701.423169285059 704.27300924062729 4491.6867927014828 618.92805162072182 570.21812093257904 4541.3235738128424 11181.302089065313 11155.901578277349 4226.7267102748156 6562.5592856556177 609.30120296776295 646.46769315004349 14574.420967698097
leaf_count=116360 36273 37059 3308 14487 2607 3224 14676 34549 34425 16708 29802 1811 1875 41850
internal_value=-0.000104425 -0.0566966 0.0710354 -0.00948265 0.125903 0.0834927 -0.00448564 0.153637 0.170546 -0.104388 -0.0583294 0.186051 0.114242 0.192035
internal_weight=128347 88569.1 24078.7 12193.1 39778.1 23329 11602.9 11885.6 11726.1 64490.4 10789.3 16449.1 1265.4 15183.7
internal_count=389014 252273 89403 51546 136741 88598 50949 37857 37649 162870 46510 48143 4482 43661
is_linear=0
shrinkage=0.12


Tree=4
num_leaves=15
num_cat=0
split_feature=0 1 1 0 3 2 1 0 2 2 1 5 2 3
split_gain=8618.83 8858.23 9029.92 7579.82 11172.3 7322.77 4090.64 3748.57 1649.19 1602.56 1080.72 1070.96 719.318 210.799
threshold=1.0000000180025095e-35 1.5000000000000002 1.0000000180025095e-35 1.5000000000000002 1.5000000000000002 1.0000000180025095e-35 1.5000000000000002 1.5000000000000002 1.5000000000000002 1.0000000180025095e-35 1.0000000180025095e-35 1.5000000000000002 1.0000000180025095e-35 1.5000000000000002
decision_type=2 2 2 2 2 2 2 2 2 2 2 2 2 2
left_child=6 2 7 4 -3 -4 8 -2 -1 13 -10 -11 -5 -8
right_child=1 3 5 12 -6 -7 9 -9 10 11 -12 -13 -14 -15
leaf_value=-0.10741608945064225 -0.072939014798897819 0.092768877810391087 -0.030424924318854168 -0.014645783106154296 -0.083586233464035153 0.078212898276070586 -0.11287676268243491 0.090790078395504265 -0.10845233623354905 0.16493907053103851 0.0755141721950435 -0.068206955796059301 -0.11252549393317221 0.079428699111364437
leaf_weight=15140.947538673878 12469.145288795233 10994.17283308506 10965.043966054916 1180.2474467754364 9769.485549479723 48250.085352420807 618.0069272518158 2401.4176849275827 721.47665598988533 1585.4139596968889 1267.9601289331913 345.5509215593338 12880.840547606349 94.653647899627686
leaf_count=10842 14623 47082 19080 4482 34204 193504 398 8898 505 6939 4016 474 43661 306
internal_value=0.000405093 0.013638 0.0371017 -0.0362784 0.00979223 0.0580961 -0.0724785 -0.0464987 -0.0939196 0.066457 0.00879803 0.123217 -0.10431 -0.0873353
internal_weight=128684 108910 74085.7 34824.7 20763.7 59215.1 19774 14870.6 17130.4 2643.63 1989.44 1930.96 14061.1 712.661
internal_count=389014 365534 236105 129429 81286 212584 23480 23521 15363 8117 4521 7413 48143 704
is_linear=0
shrinkage=0.12


Tree=5
num_leaves=15
num_cat=0
split_feature=0 1 2 3 0 0 1 2 2 2 5 2 1 3
split_gain=49764.5 39505 28030 17925.3 9173.54 4641.57 3060.41 2525.54 2508.81 1472.82 1131.1 1071.83 888.91 161.026
threshold=1.0000000180025095e-35 1.0000000180025095e-35 1.0000000180025095e-35 1.0000000180025095e-35 1.5000000000000002 1.5000000000000002 1.5000000000000002 1.0000000180025095e-35 1.5000000000000002 1.0000000180025095e-35 1.5000000000000002 1.5000000000000002 1.0000000180025095e-35 1.5000000000000002
decision_type=2 2 2 2 2 2 2 2 2 2 2 2 2 2
left_child=6 5 4 -4 -3 8 11 -7 -2 13 -11 -1 -13 -8
right_child=1 2 3 -5 -6 7 9 -9 -10 10 -12 12 -14 -15
leaf_value=0.18763109367569183 0.17722428538484261 0.13121214001662573 0.096214058474001107 -0.11354134132897795 -0.12057288845421586 0.1662745344986126 0.19162820971325675 -0.10926426330253594 -0.0043588989175153622 -0.06607339631359635 0.18397547110681042 0.19120517995000938 0.031814725791370131 0.022939664939256012
leaf_weight=17750.506248414516 12962.056650564075 11892.478277459741 6415.7213481813669 68570.8260101825 2526.3770329803228 693.7509098649025 728.06212997436523 1547.5878732055426 1196.8343159258366 1464.8534025847912 316.85153095424175 849.98358957469463 1237.2420467734337 91.756288647651672
leaf_count=10842 10337 19432 12889 298357 11335 799 398 8099 4286 6939 474 505 4016 306
internal_value=-0.000301975 -0.0347267 -0.0661315 -0.095595 0.087096 0.136476 0.162018 -0.0239781 0.161875 0.0396411 -0.0216057 0.178066 0.0967235 0.172748
internal_weight=128245 105806 89405.4 74986.5 14418.9 16400.2 22439.3 2241.34 14158.9 2601.52 1781.7 19837.7 2087.23 819.818
internal_count=389014 365534 342013 311246 30767 23521 23480 8898 14623 8117 7413 15363 4521 704
is_linear=0
shrinkage=0.12


Tree=6
num_leaves=15
num_cat=0
split_feature=0 1 3 2 1 3 1 2 2 3 2 2 3 3
split_gain=50552.9 31372.9 7933.37 13606.4 5559.69 4588.4 7045.1 3227.4 1742.64 3597.4 1163.8 731.389 1171.81 20.0391
threshold=1.5000000000000002 1.5000000000000002 1.5000000000000002 1.5000000000000002 1.0000000180025095e-35 1.5000000000000002 1.5000000000000002 1.0000000180025095e-35 1.5000000000000002 1.5000000000000002 1.0000000180025095e-35 1.5000000000000002 1.5000000000000002 1.5000000000000002
decision_type=2 2 2 2 2 2 2 2 2 2 2 2 2 2
left_child=1 8 3 -3 11 6 -6 -4 -1 -10 -7 13 -13 -2
right_child=4 2 7 -5 5 10 -8 -9 9 -11 -12 12 -14 -15
leaf_value=-0.10856379077672802 -0.10796904963550537 -0.11007074387675882 -0.12438473359159211 0.15321831911851458 0.010568531510306673 0.048604596302838518 0.15402352772435965 0.14548598835140356 -0.11492980461007904 0.027331202591829903 0.171924186668172 -0.13710749167367275 0.17631330191835665 -0.13636444158170372
leaf_weight=49849.13009724021 1017.614972949028 7229.1711527109146 675.42267176508904 4640.9508814513683 10069.963500201702 1177.1115267276764 9657.3559487611055 11555.013396218419 6050.4949595928192 4436.4769865870476 17266.040814042091 321.68121641874313 368.61323189735413 552.03202830255032
leaf_count=116360 3549 37059 3308 14487 45853 4782 27865 34549 27066 19444 49343 1547 1077 2725
internal_value=-0.000145866 -0.0529805 0.0627553 -0.00713064 0.110196 0.121024 0.0807958 0.130582 -0.0992099 -0.0547468 0.164053 -0.0726842 0.0302574 -0.117955
internal_weight=124867 84436.7 24100.6 11870.1 40430.4 38170.5 19727.3 12230.4 60336.1 10487 18443.2 2259.94 690.294 1569.65
internal_count=389014 252273 89403 51546 136741 127843 73718 37857 162870 46510 54125 8898 2624 6274
is_linear=0
shrinkage=0.12


Tree=7
num_leaves=15
num_cat=0
split_feature=0 0 1 3 1 3 1 2 2 2 2 1 3 3
split_gain=6826.02 7274.56 10065.4 7132.36 9740.11 6582.21 3557.18 3259.74 2218.11 1475.8 1284.47 868.311 862.204 175.747
threshold=1.0000000180025095e-35 1.5000000000000002 1.0000000180025095e-35 1.5000000000000002 1.5000000000000002 1.0000000180025095e-35 1.5000000000000002 1.5000000000000002 1.0000000180025095e-35 1.5000000000000002 1.0000000180025095e-35 1.0000000180025095e-35 1.0000000180025095e-35 1.5000000000000002
decision_type=2 2 2 2 2 2 2 2 2 2 2 2 2 2
left_child=6 2 7 4 -3 -4 9 -2 -5 -1 13 -11 -12 -8
right_child=1 3 5 8 -6 -7 10 -9 -10 11 12 -13 -14 -15
leaf_value=-0.1014198227558738 -0.086970432424303357 0.082668570579175399 -0.061851904402824259 0.070408839665563161 -0.091165555985125143 0.068554821512033084 -0.10719578786872848 0.12692163832519354 -0.10056316528080524 -0.10230017141530377 -0.079048773122568097 0.06686560140147263 0.14435981555916863 0.067176697755834194
leaf_weight=13951.198714017868 10669.766155943274 12422.196547523141 6225.2189069390297 1174.9795329719782 7410.2860163450241 53244.982912003994 566.83873987197876 1135.182166159153 15601.28182309866 658.87135398387909 291.94224390387535 1297.1115020215511 1681.586318358779 97.557969510555267
leaf_count=10842 10337 50949 8971 5099 27865 205199 398 4286 52828 505 338 4016 7075 306
internal_value=0.000920112 0.0124806 0.0348127 -0.0309987 0.0177165 0.0549041 -0.0663319 -0.0664022 -0.0885886 -0.0877339 0.0627261 0.00988224 0.111311 -0.0815915
internal_weight=126429 107884 71275.2 36608.7 19832.5 59470.2 18545.1 11804.9 16776.3 15907.2 2637.93 1955.98 1973.53 664.397
internal_count=389014 365534 228793 136741 78814 214170 23480 14623 57927 15363 8117 4521 7413 704
is_linear=0
shrinkage=0.12


Tree=8
num_leaves=15
num_cat=0
split_feature=0 1 2 3 0 3 2 1 0 3 2 1 2 5
split_gain=37931.2 31052.2 22691.4 15901.1 7298.5 3309.12 2666.98 1986.07 1625.46 1021.07 713.637 632.017 567.973 109.976
threshold=1.0000000180025095e-35 1.0000000180025095e-35 1.0000000180025095e-35 1.0000000180025095e-35 1.5000000000000002 1.5000000000000002 1.0000000180025095e-35 1.5000000000000002 1.5000000000000002 1.5000000000000002 1.5000000000000002 1.0000000180025095e-35 1.5000000000000002 1.5000000000000002
decision_type=2 2 2 2 2 2 2 2 2 2 2 2 2 2
left_child=7 5 4 -4 -3 8 -7 10 -2 12 -1 -12 -9 -11
right_child=1 2 3 -5 -6 6 -8 9 -10 13 11 -13 -14 -15
leaf_value=0.15875801384356422 0.15949192080271124 0.11070565027347662 0.087797322252167284 -0.10855967485331962 -0.11706521087601215 0.15294979645054402 -0.064151061169547399 0.10609163107299957 0.024097483193172304 -0.1096772513357097 0.16329360232400081 0.030207816584774248 -0.10614481288910069 0.038583586974609001
leaf_weight=18263.634203672409 11762.579485043883 12363.319185838103 6551.1386521458626 63531.736694708467 2422.8077696710825 1273.7058015018702 2261.6186146885157 1688.4924980551004 1432.3226430863142 569.08654168248177 875.61162750422955 1243.6715146899223 203.4506463855505 82.488895982503891
leaf_count=10842 8242 19432 12889 298357 11335 961 9222 3169 5096 3397 505 4016 1295 256
internal_value=-0.000787907 -0.032249 -0.0617039 -0.0902048 0.0733838 0.11717 0.014066 0.138633 0.144795 0.0386498 0.151109 0.0851941 0.0832687 -0.0909076
internal_weight=124526 101599 84869 70082.9 14786.1 16730.2 3535.32 22926.4 13194.9 2543.52 20382.9 2119.28 1891.94 651.575
internal_count=389014 365534 342013 311246 30767 23521 10183 23480 13338 8117 15363 4521 4464 3653
is_linear=0
shrinkage=0.12


Tree=9
num_leaves=15
num_cat=0
split_feature=0 1 3 2 1 2 3 0 2 5 2 3 5 3
split_gain=39343.7 27352.3 6468.76 11603 4388.72 3537.62 6052.55 2967.78 1688.94 3455.31 646.113 914.138 302.996 21.2602
threshold=1.5000000000000002 1.5000000000000002 1.5000000000000002 1.5000000000000002 1.0000000180025095e-35 1.5000000000000002 1.5000000000000002 1.0000000180025095e-35 1.5000000000000002 1.0000000180025095e-35 1.5000000000000002 1.5000000000000002 1.5000000000000002 1.5000000000000002
decision_type=2 2 2 2 2 2 2 2 2 2 2 2 2 2
left_child=1 8 3 -3 10 6 -6 -4 -1 -10 13 -12 -7 -2
right_child=4 2 7 -5 5 12 -8 -9 9 -11 11 -13 -14 -15
leaf_value=-0.10448915536055012 -0.10374701598812518 -0.10639160293885887 -0.11845849639392436 0.13847310250278372 0.020251438462990917 0.16230571055191306 0.13696759410561465 0.13439408772064351 0.033547342645730054 -0.10885037422992234 -0.1268994275622701 0.15172428518586017 0.082535538926879898 -0.1336245058318874
leaf_weight=45968.825067073107 935.60110630095005 6771.5980093479156 709.6112025231123 4735.2723267525434 12480.458182513714 11894.140944808722 13127.596975982189 11519.760354280472 4163.3105098754168 5976.0852387547493 308.39207474887371 376.67700651288033 727.62229980528355 541.42591990530491
leaf_count=116360 3549 37059 3653 14487 52661 33964 38822 34204 16708 29802 1547 1077 2396 2725
internal_value=-0.000205703 -0.0490288 0.058956 -0.00562562 0.0963051 0.105712 0.0800843 0.119722 -0.0947112 -0.0503808 -0.0700234 0.0262985 0.157707 -0.114699
internal_weight=120236 79844.5 23736.2 11506.9 40391.9 38229.8 25608.1 12229.4 56108.2 10139.4 2162.1 685.069 12621.8 1477.03
internal_count=389014 252273 89403 51546 136741 127843 91483 37857 162870 46510 8898 2624 36360 6274
is_linear=0
shrinkage=0.12


Tree=10
num_leaves=15
num_cat=0
split_feature=0 1 2 0 3 2 0 1 2 2 2 5 1 3
split_gain=5390.37 5830.38 6435.35 5872.07 5612.55 8147.14 4242.81 3138.16 2055.23 1319.75 1099.98 809.977 696.195 144.557
threshold=1.0000000180025095e-35 1.5000000000000002 1.0000000180025095e-35 1.5000000000000002 1.5000000000000002 1.5000000000000002 1.5000000000000002 1.5000000000000002 1.0000000180025095e-35 1.5000000000000002 1.0000000180025095e-35 1.5000000000000002 1.0000000180025095e-35 1.5000000000000002
decision_type=2 2 2 2 2 2 2 2 2 2 2 2 2 2
left_child=7 2 6 -4 5 -3 -2 9 -6 -1 13 -12 -11 -9
right_child=1 4 3 -5 8 -7 -8 10 -10 12 11 -13 -14 -15
leaf_value=-0.096344371859529168 -0.072311150045739875 0.070443075616263173 0.074737710762595611 -0.0036987580309491746 0.069673017903140191 -0.10009648776501824 0.1141089332811014 -0.10352372508296802 -0.10015563485114137 -0.09722546913207479 0.13879313447277461 -0.064953089960025648 0.058992058242848262 0.053831463523388016
leaf_weight=12729.016593575478 11615.53167258203 12082.990835905075 38955.146569728851 21236.985016658902 1112.5004539489746 6055.3743494749069 2071.5898682177067 525.70205402374268 13216.448287934065 596.06585456430912 1648.8019292205572 338.68096482753754 1321.7250398099422 100.07328504323959
leaf_count=10842 13733 53827 133774 80946 4877 21120 7652 398 49605 505 6939 474 4016 306
internal_value=0.00145325 0.0115488 0.0301752 0.0470638 -0.0308356 0.0135096 -0.0440959 -0.0607496 -0.0869701 -0.0823627 0.0603876 0.104073 0.0104383 -0.0783597
internal_weight=123607 106347 73879.3 60192.1 32467.3 18138.4 13687.1 17260.1 14328.9 14646.8 2613.26 1987.48 1917.79 625.775
internal_count=389014 365534 236105 214720 129429 74947 21385 23480 54482 15363 8117 7413 4521 704
is_linear=0
shrinkage=0.12


Tree=11
num_leaves=15
num_cat=0
split_feature=0 1 2 3 1 3 2 2 1 2 5 2 3 3
split_gain=29631.5 24418.8 19611 13442.5 6324.28 2742.36 2196.98 1392.8 1381.09 796.25 760.341 532.648 653.764 84.4785
threshold=1.0000000180025095e-35 1.0000000180025095e-35 1.0000000180025095e-35 1.0000000180025095e-35 1.5000000000000002 1.5000000000000002 1.0000000180025095e-35 1.5000000000000002 1.5000000000000002 1.0000000180025095e-35 1.5000000000000002 1.5000000000000002 1.0000000180025095e-35 1.5000000000000002
decision_type=2 2 2 2 2 2 2 2 2 2 2 2 2 2
left_child=8 5 4 -4 -3 7 -7 -2 11 13 -11 -1 -13 -10
right_child=1 2 3 -5 -6 6 -8 -9 9 10 -12 12 -14 -15
leaf_value=0.13934151503980227 0.13868575752097262 0.10161665286805333 0.074503712642230033 -0.10451436752314038 -0.10988649135871068 0.13346501106528783 -0.063998442334994465 -0.0010813931672543926 0.14635360204539247 -0.053375487851593691 0.14794728837102816 0.22435738106696579 0.045946039778889135 0.024022983263138196
leaf_weight=18051.401531338692 12078.451016649604 12387.768192648888 6735.3062545508146 58525.183395862579 2436.1905738860369 1271.9053969234228 2240.7963313609362 1122.0765786617994 741.94381737709045 1290.2729768157005 341.67141717672348 355.18646085262299 1767.7030523866415 91.292637288570404
leaf_count=10842 9367 19080 12889 298357 11687 961 9222 3971 398 6939 474 207 4314 306
internal_value=-0.0012969 -0.0302029 -0.0577368 -0.0860385 0.0668579 0.10173 0.00750061 0.126805 0.122294 0.0375062 -0.0112256 0.132655 0.0757965 0.132951
internal_weight=119437 96797.7 80084.4 65260.5 14824 16713.2 3512.7 13200.5 22639.5 2465.18 1631.94 20174.3 2122.89 833.236
internal_count=389014 365534 342013 311246 30767 23521 10183 13338 23480 8117 7413 15363 4521 704
is_linear=0
shrinkage=0.12


Tree=12
num_leaves=15
num_cat=0
split_feature=0 1 3 2 1 3 2 2 2 2 3 2 3 3
split_gain=32232.9 22278.9 5082.06 9361.84 3710.22 6377.57 11579.6 2475.72 2185.16 1640.75 3265.02 305.449 586.939 43.5875
threshold=1.5000000000000002 1.5000000000000002 1.5000000000000002 1.5000000000000002 1.5000000000000002 1.5000000000000002 1.5000000000000002 1.0000000180025095e-35 1.0000000180025095e-35 1.5000000000000002 1.5000000000000002 1.0000000180025095e-35 1.5000000000000002 1.0000000180025095e-35
decision_type=2 2 2 2 2 2 2 2 2 2 2 2 2 2
left_child=1 9 3 -3 5 6 -2 -4 -7 -1 -11 12 -6 -13
right_child=4 2 7 -5 11 8 -8 -9 -10 10 -12 13 -14 -15
leaf_value=-0.10101643983160583 -0.11128324875822784 -0.10327079487052422 -0.12167575902434265 0.11932890690771386 -0.0041535663357981922 -0.114243757138 0.13405299891196304 0.11831230450405168 0.12741858347897214 -0.10845392110692242 0.031164362735889708 0.16609377853372323 0.15483609022631581 0.13404099388482354
leaf_weight=41982.407195657492 6615.3442221283913 6321.9644683748484 654.7435137629509 4776.032761707902 666.93339821696281 564.8821668997407 4766.4040777385235 11335.859529584646 11668.900795027614 5427.9525040537119 4340.7452672868967 638.09091338515282 670.52761092782021 14353.43343693018
leaf_count=116360 36273 37059 3308 14487 2607 3224 14676 34549 34425 27066 19444 1811 1875 41850
internal_value=-0.000520214 -0.0469773 0.0510447 -0.00747482 0.0865214 0.0561103 -0.00854229 0.105208 0.11626 -0.0907096 -0.0464142 0.130503 0.0755549 0.135405
internal_weight=114784 74839.7 23088.6 11098 39944.5 23615.5 11381.7 11990.6 12233.8 51751.1 9768.7 16329 1337.46 14991.5
internal_count=389014 252273 89403 51546 136741 88598 50949 37857 37649 162870 46510 48143 4482 43661
is_linear=0
shrinkage=0.12


Tree=13
num_leaves=15
num_cat=0
split_feature=0 1 0 2 2 3 0 1 2 2 3 1 2 3
split_gain=4315.74 4701.55 5149.81 7408.05 4813.73 4523.22 3815.26 2626.85 1214.72 855.129 735.905 623.915 563.827 123.458
threshold=1.0000000180025095e-35 1.5000000000000002 1.5000000000000002 1.5000000000000002 1.0000000180025095e-35 1.0000000180025095e-35 1.5000000000000002 1.5000000000000002 1.5000000000000002 1.0000000180025095e-35 1.0000000180025095e-35 1.0000000180025095e-35 1.0000000180025095e-35 1.5000000000000002
decision_type=2 2 2 2 2 2 2 2 2 2 2 2 2 2
left_child=7 4 3 -3 6 -6 -2 8 -1 13 -11 -10 -4 -9
right_child=1 2 12 -5 5 -7 -8 9 11 10 -12 -13 -14 -15
leaf_value=-0.091961575863630435 -0.066415042788278145 0.060517131222529857 -0.013290138141163178 -0.096378097307210656 -0.057519069457132158 0.052829374492229665 0.11044196181634965 -0.099603805750530947 -0.094538154438304947 -0.083083251983721129 0.1225910007982231 0.05673566554566252 -0.10111450903881539 0.046488552398968139
leaf_weight=11519.49458655715 11041.053008720279 13225.03588463366 1172.7531704306602 6445.7067300975323 5935.4494507461786 54143.351314887404 2088.7660923749208 473.26233267784119 557.63152377307415 293.79768308997154 1700.2125089764595 1326.6738582849503 10277.333755716681 101.08896285295486
leaf_count=10842 13733 58206 4482 23080 8843 205877 7652 398 505 338 7075 4016 43661 306
internal_value=0.00204053 0.0109336 -0.0281373 0.00910572 0.0275426 0.0419276 -0.0382796 -0.0560486 -0.0773511 0.0551254 0.0922869 0.0119685 -0.0921193 -0.0738908
internal_weight=120302 104329 31120.8 19670.7 73208.6 60078.8 13129.8 15972.2 13403.8 2568.36 1994.01 1884.31 11450.1 574.351
internal_count=389014 365534 129429 81286 236105 214720 21385 23480 15363 8117 7413 4521 48143 704
is_linear=0
shrinkage=0.12


Tree=14
num_leaves=15
num_cat=0
split_feature=0 1 2 3 3 0 2 3 1 3 2 3 2 5
split_gain=23379.9 20637 16202 12191 5061.68 2416.67 1974.03 1523.3 1046.65 707.826 444.354 533.493 346.089 86.6588
threshold=1.0000000180025095e-35 1.0000000180025095e-35 1.0000000180025095e-35 1.0000000180025095e-35 1.5000000000000002 1.5000000000000002 1.0000000180025095e-35 1.5000000000000002 1.5000000000000002 1.5000000000000002 1.5000000000000002 1.0000000180025095e-35 1.5000000000000002 1.5000000000000002
decision_type=2 2 2 2 2 2 2 2 2 2 2 2 2 2
left_child=8 5 4 -4 -3 7 -7 -2 10 12 -1 -12 -10 -11
right_child=1 2 3 -5 -6 6 -8 -9 9 13 11 -13 -14 -15
leaf_value=0.12546827044095582 0.13039057930922207 0.094750806578488958 0.069252837367206541 -0.1013307446672207 -0.07736007341628412 0.13603801082946737 -0.10643505817689053 0.031427489607409549 0.087556022581693427 -0.10220482080580624 0.19811401117560151 0.039884747473588431 -0.097724306625880109 0.029242519199823413
leaf_weight=17337.013420253992 11557.752457052469 11582.464758127928 6794.3671506047249 53831.410522580147 3124.3388459384441 728.86650730669498 1436.1787018626928 2778.1391950845718 1657.3853419721127 480.2460772395134 371.53516256809235 1762.2677903622389 159.11211591959 85.006108939647675
leaf_count=10842 8242 17927 12889 298357 12840 799 8099 6381 3169 3397 207 4314 1295 256
internal_value=-0.00163403 -0.0281801 -0.0548036 -0.0822133 0.0581873 0.093366 -0.024806 0.111213 0.109923 0.0348346 0.119108 0.0674354 0.0713268 -0.082437
internal_weight=113686 91833.5 75332.6 60625.8 14706.8 16500.9 2165.05 14335.9 21852.6 2381.75 19470.8 2133.8 1816.5 565.252
internal_count=389014 365534 342013 311246 30767 23521 8898 14623 23480 8117 15363 4521 4464 3653
is_linear=0
shrinkage=0.12


Tree=15
num_leaves=15
num_cat=0
split_feature=0 1 3 2 1 2 3 0 2 5 2 3 5 3
split_gain=26871.8 18946.5 4333.17 7623.07 3231.11 2483.64 4361.75 2169.16 1623.89 3231.68 483.362 773.708 274.375 31.59
threshold=1.5000000000000002 1.5000000000000002 1.5000000000000002 1.5000000000000002 1.0000000180025095e-35 1.5000000000000002 1.5000000000000002 1.0000000180025095e-35 1.5000000000000002 1.0000000180025095e-35 1.5000000000000002 1.5000000000000002 1.5000000000000002 1.5000000000000002
decision_type=2 2 2 2 2 2 2 2 2 2 2 2 2 2
left_child=1 8 3 -3 10 6 -6 -4 -1 -10 13 -12 -7 -2
right_child=4 2 7 -5 5 12 -8 -9 9 -11 11 -13 -14 -15
leaf_value=-0.098348185641941491 -0.097368785583040407 -0.10048020324393568 -0.11322238425091014 0.10468158556489399 0.014243718775905885 0.13678408114907592 0.11566449151331602 0.10978442384291186 0.037722760703458716 -0.10402948256315589 -0.12785463835371846 0.12923234500735381 0.059508153038341685 -0.1355465123698357
leaf_weight=38388.123208984733 755.75736832618713 5850.5254085585475 666.08178122341633 4705.4809188097715 11983.788632020354 11443.721504658461 12449.789393588901 11010.355343908072 4077.5182974338531 5360.811623364687 309.95024827122688 369.5571404248476 702.23574782907963 531.64810352027416
leaf_count=116360 3549 37059 3653 14487 52661 33964 38822 34204 16708 29802 1547 1077 2396 2725
internal_value=-0.000560969 -0.0448366 0.0466915 -0.00902659 0.0799109 0.0879672 0.0659213 0.097063 -0.0873841 -0.0427901 -0.0699167 0.0119648 0.132316 -0.113135
internal_weight=108605 70058.9 22232.4 10556 38546.4 36579.5 24433.6 11676.4 47826.5 9438.33 1966.91 679.507 12146 1287.41
internal_count=389014 252273 89403 51546 136741 127843 91483 37857 162870 46510 8898 2624 36360 6274
is_linear=0
shrinkage=0.12


Tree=16
num_leaves=15
num_cat=0
split_feature=0 0 1 3 1 3 2 1 1 2 2 3 3 5
split_gain=3369.26 3716.13 6571.53 4985.43 6218.14 4314.79 2476.88 2332.38 2000.72 1116.91 743.012 625.011 590.575 131.12
threshold=1.0000000180025095e-35 1.5000000000000002 1.0000000180025095e-35 1.5000000000000002 1.5000000000000002 1.0000000180025095e-35 1.5000000000000002 1.5000000000000002 1.0000000180025095e-35 1.5000000000000002 1.0000000180025095e-35 1.0000000180025095e-35 1.0000000180025095e-35 1.0000000180025095e-35
decision_type=2 2 2 2 2 2 2 2 2 2 2 2 2 2
left_child=7 2 6 4 -3 -4 -2 9 -5 13 -9 -12 -11 -1
right_child=1 3 5 8 -6 -7 -8 10 -10 12 11 -13 -14 -15
leaf_value=-0.066374436293726982 -0.079670685153139673 0.066308627910636034 -0.054399810182454815 0.10299023696716446 -0.080693103748804007 0.053572703666187868 0.10226324556744978 -0.071531217161015945 -0.086960051191366447 -0.1265296241559912 -0.076838279209012914 0.11545880989785397 0.045954754214005168 -0.096489029075717672
leaf_weight=2886.6318365186453 9640.6173692345619 12632.953502804041 5941.879684060812 848.52708649635315 6166.0708590522408 51722.63806566596 1213.1514745205641 534.08583515882492 13540.708680614829 353.18018227815628 284.06509676575661 1699.8296408951283 1499.4163152873516 7469.0191268920898
leaf_count=3834 10337 50949 8971 3802 27865 205199 4286 704 54125 207 338 7075 4314 7008
internal_value=0.00259243 0.0103599 0.0263239 -0.0225982 0.0180921 0.042447 -0.0593355 -0.0510538 -0.0757588 -0.0727426 0.0541027 0.0879246 0.0130722 -0.0880946
internal_weight=116433 101707 68518.3 33188.3 18799 57664.5 10853.8 14726.2 14389.2 12208.2 2517.98 1983.89 1852.6 10355.7
internal_count=389014 365534 228793 136741 78814 214170 14623 23480 57927 15363 8117 7413 4521 10842
is_linear=0
shrinkage=0.12


Tree=17
num_leaves=15
num_cat=0
split_feature=0 1 2 3 5 2 3 5 1 3 2 1 2 5
split_gain=18818.1 17725.3 13296.8 10448.9 4832.79 2081 1455.56 1036.68 788.638 552.99 394.509 456.453 265.91 83.3719
threshold=1.0000000180025095e-35 1.0000000180025095e-35 1.0000000180025095e-35 1.0000000180025095e-35 1.0000000180025095e-35 1.5000000000000002 1.5000000000000002 1.5000000000000002 1.5000000000000002 1.5000000000000002 1.5000000000000002 1.0000000180025095e-35 1.5000000000000002 1.5000000000000002
decision_type=2 2 2 2 2 2 2 2 2 2 2 2 2 2
left_child=8 5 4 -4 -3 6 -2 -7 10 12 -1 -12 -10 -11
right_child=1 2 3 -5 -6 7 -8 -9 9 13 11 -13 -14 -15
leaf_value=0.11510371062750409 0.12038884241684895 -0.10009111078861078 0.059378147578036625 -0.098652117072209944 0.081275448589003804 -0.089417404414008556 0.024178193295782913 0.14261266390664118 0.079032490522697826 -0.098445757675630588 0.12927498852887082 0.015568430864969859 -0.094476236839497879 0.032361069374103449
leaf_weight=16300.325916439295 11595.86968433857 2567.6014700829983 6866.8776799589396 49137.703364871442 12019.621705085039 1308.8132209181786 2813.8358808755875 351.81422095745802 1632.919235214591 422.09299102425575 836.98396554589272 1294.8831143975258 137.93454144895077 84.154198467731476
leaf_count=10842 9367 11018 12889 298357 19749 6457 7244 453 3169 3397 505 4016 1295 256
internal_value=-0.0022438 -0.0268018 -0.0526958 -0.0792756 0.0493518 0.0869421 0.101601 -0.0402604 0.100524 0.0338993 0.108755 0.0602103 0.0655176 -0.0767016
internal_weight=107371 86662.1 70591.8 56004.6 14587.2 16070.3 14409.7 1660.63 20709.3 2277.1 18432.2 2131.87 1770.85 506.247
internal_count=389014 365534 342013 311246 30767 23521 16611 6910 23480 8117 15363 4521 4464 3653
is_linear=0
shrinkage=0.12


Tree=18
num_leaves=15
num_cat=0
split_feature=0 1 3 2 1 2 3 2 2 3 1 2 5 3
split_gain=21557.2 16786.4 3662.15 6699.75 2790.77 5070.78 8903.13 2117.16 1610.31 3026.87 564.557 263.764 438.849 51.1188
threshold=1.5000000000000002 1.5000000000000002 1.5000000000000002 1.5000000000000002 1.5000000000000002 1.5000000000000002 1.5000000000000002 1.0000000180025095e-35 1.5000000000000002 1.5000000000000002 1.0000000180025095e-35 1.0000000180025095e-35 1.0000000180025095e-35 1.0000000180025095e-35
decision_type=2 2 2 2 2 2 2 2 2 2 2 2 2 2
left_child=1 8 3 -3 5 6 -2 -4 -1 -10 -7 12 -6 -13
right_child=4 2 7 -5 11 10 -8 -9 9 -11 -12 13 -14 -15
leaf_value=-0.096069571159328182 -0.10726112539971129 -0.098182886352591911 -0.1200477689889947 0.098289913867201664 0.14465052145793847 0.013822169462561687 0.085048602481414562 0.10457535473647558 -0.10417605131957995 0.034610401392123784 0.12936350141314712 0.15135666290666003 0.0035888618961493431 0.11655122491582109
leaf_weight=34954.435060583055 6094.8981286585331 5417.9902442097664 640.37305319309235 4639.4286785721779 540.69579656422138 661.54661114513874 8038.8351726606488 10707.615092813969 4846.6802638545632 4244.7146484404802 7662.280707359314 638.12292563915253 769.64566400647163 12721.910118877888
leaf_count=116360 36273 37059 3308 14487 1583 2624 26997 34549 27066 19444 22704 1811 2899 41850
internal_value=-0.00057029 -0.0420026 0.0451723 -0.00755113 0.0724689 0.0458781 0.00211877 0.0918998 -0.0843679 -0.0393775 0.120181 0.113175 0.0617962 0.118214
internal_weight=102579 65451.2 21405.4 10057.4 37127.9 22457.6 14133.7 11348 44045.8 9091.39 8323.83 14670.4 1310.34 13360
internal_count=389014 252273 89403 51546 136741 88598 63270 37857 162870 46510 25328 48143 4482 43661
is_linear=0
shrinkage=0.12


Tree=19
num_leaves=15
num_cat=0
split_feature=0 1 3 0 2 3 3 1 2 2 2 5 1 5
split_gain=2671.24 3205.01 3987.52 5270.42 3596.63 3351.46 3122.48 1968.15 1893.36 1025.33 616.974 607.295 535.901 139.915
threshold=1.0000000180025095e-35 1.5000000000000002 1.5000000000000002 1.5000000000000002 1.0000000180025095e-35 1.5000000000000002 1.0000000180025095e-35 1.5000000000000002 1.0000000180025095e-35 1.5000000000000002 1.0000000180025095e-35 1.5000000000000002 1.0000000180025095e-35 1.0000000180025095e-35
decision_type=2 2 2 2 2 2 2 2 2 2 2 2 2 2
left_child=7 4 3 -3 5 -2 -6 9 -4 13 -9 -12 -11 -1
right_child=1 2 8 -5 6 -7 -8 10 -10 12 11 -13 -14 -15
leaf_value=-0.061130431822140542 -0.067172108753778298 0.064686069997930418 0.074601448475256613 -0.077639384329696373 -0.048469292986053139 0.08206177072849756 0.045550420111643113 -0.068396339313852847 -0.091734657672635486 -0.09129785844404345 0.11115454573479398 -0.066324830818003014 0.053745813673420448 -0.093874756670589962
leaf_weight=2620.8516490608454 9846.6357855945826 10599.303796008229 1083.3683421015739 5795.0919626876712 5636.6874243468046 2778.5004268139601 52118.024784475565 501.80113130807877 10899.479995369911 507.1006271392107 1621.0397469848394 335.00501425564289 1325.9812768995762 6639.7545375823975
leaf_count=3834 12461 47082 4877 27865 8843 8924 205877 704 49605 505 6939 474 4016 7008
internal_value=0.00310873 0.00996426 -0.0240805 0.0143769 0.0236912 -0.0343292 0.0363744 -0.0468512 -0.0766962 -0.0683768 0.0503064 0.0807583 0.0136212 -0.0846078
internal_weight=112309 98757.1 28377.2 16394.4 70379.8 12625.1 57754.7 13551.5 11982.8 11093.7 2457.85 1956.04 1833.08 9260.61
internal_count=389014 365534 129429 74947 236105 21385 214720 23480 54482 15363 8117 7413 4521 10842
is_linear=0
shrinkage=0.12


Tree=20
num_leaves=15
num_cat=0
split_feature=0 1 2 3 0 0 1 2 3 3 3 2 2 5
split_gain=16200.7 13917.3 7285.84 5250.46 2230.79 2216.86 718.885 1662.19 473.664 405.421 68.451 46.0286 33.1163 23.0568
threshold=1.5000000000000002 1.5000000000000002 1.5000000000000002 1.5000000000000002 1.0000000180025095e-35 1.0000000180025095e-35 1.0000000180025095e-35 1.0000000180025095e-35 1.5000000000000002 1.5000000000000002 1.0000000180025095e-35 1.0000000180025095e-35 1.0000000180025095e-35 1.5000000000000002
decision_type=2 2 2 2 2 2 2 2 2 2 2 2 2 2
left_child=1 2 3 -1 -4 8 7 9 -3 -2 12 -12 -8 -7
right_child=6 5 4 -5 -6 13 10 -9 -10 -11 11 -13 -14 -15
leaf_value=0.087070173852119168 0.14924673986298645 0.060981066887990175 0.054986769937126465 0.001641175933508701 -0.086573626584731334 -0.1000775916274759 -0.057468328594989578 -0.10408483825642316 -0.074504032392887817 -0.15869063236350001 -0.11296887887901327 -0.093992848104282184 -0.1297891926288528 -0.078566635984376229
leaf_weight=39823.587068498135 669.40001222491264 1718.0337871462107 2105.3867563456297 14002.33809196949 6718.1113992929459 12187.104767367244 98.619897678494453 1317.9421213567257 474.12160428613424 67.802294284105301 2054.4828703701496 17688.093579597771 1207.8149142414331 762.4238263219595
leaf_count=67400 482 4464 4521 48960 41989 75950 463 8099 3653 317 10872 111809 4699 5336
internal_value=-0.00288058 0.0233249 0.0482779 0.0648466 -0.0527957 -0.0799194 -0.0911138 -0.0233714 0.0316782 0.120925 -0.0977279 -0.0959676 -0.12433 -0.0988111
internal_weight=100895 77791.1 62649.4 53825.9 8823.5 15141.7 23104.2 2055.14 2192.16 737.202 21049 19742.6 1306.43 12949.5
internal_count=389014 252273 162870 116360 46510 89403 136741 8898 8117 799 127843 122681 5162 81286
is_linear=0
shrinkage=0.12


Tree=21
num_leaves=15
num_cat=0
split_feature=0 1 0 2 2 1 3 2 5 1 3 5 2 2
split_gain=18086.3 14139.9 2870.98 2650.36 2340.81 4295.75 7866.21 1586.3 3008.54 471.7 685.524 279.26 278.936 28.9117
threshold=1.5000000000000002 1.5000000000000002 1.0000000180025095e-35 1.5000000000000002 1.5000000000000002 1.5000000000000002 1.5000000000000002 1.5000000000000002 1.0000000180025095e-35 1.0000000180025095e-35 1.5000000000000002 1.5000000000000002 1.0000000180025095e-35 1.5000000000000002
decision_type=2 2 2 2 2 2 2 2 2 2 2 2 2 2
left_child=1 7 13 -4 5 6 -2 -1 -9 10 -6 -11 -7 -3
right_child=4 2 3 -5 9 12 -8 8 -10 11 -12 -13 -14 -15
leaf_value=-0.09400352312621961 -0.1045775788528934 -0.097756401121301156 0.018463266542621478 0.11129910675816329 -0.1220726688821327 0.053590392205966952 0.079575035722522752 0.040165728196503901 -0.10056776968189426 0.12161271776904685 0.12327512965535765 0.040784386121710911 0.11304134274324711 -0.13288718810421526
leaf_weight=31746.282084606588 5780.7690417617559 1256.9680882096291 11264.064716666937 7296.9780410528183 298.75470463931561 1307.2655704468489 7911.6345982402563 4016.627441957593 4802.9841894432902 10447.817252039909 363.55000407993793 654.05645398795605 8697.2131388485432 461.07385346293449
leaf_count=116360 36273 5719 58206 23080 1547 4482 26997 16708 29802 33964 1077 2396 30005 2398
internal_value=-0.000894492 -0.0405947 0.0412233 0.0549602 0.0672242 0.045501 0.001828 -0.081496 -0.0364749 0.110982 0.0126028 0.116851 0.105273 -0.107185
internal_weight=96306 60845 20279.1 18561 35461.1 23696.9 13692.4 40565.9 8819.61 11764.2 662.305 11101.9 10004.5 1718.04
internal_count=389014 252273 89403 81286 136741 97757 63270 162870 46510 38984 2624 36360 34487 8117
is_linear=0
shrinkage=0.12


Tree=22
num_leaves=15
num_cat=0
split_feature=0 2 1 0 1 3 3 1 2 1 2 3 3 5
split_gain=2243.9 2608.14 4344.82 4129.63 6530.41 3046.38 2554.28 1794.31 963.743 773.118 602.669 557.416 552.264 149.406
threshold=1.0000000180025095e-35 1.5000000000000002 1.0000000180025095e-35 1.5000000000000002 1.5000000000000002 1.0000000180025095e-35 1.5000000000000002 1.5000000000000002 1.5000000000000002 1.0000000180025095e-35 1.5000000000000002 1.5000000000000002 1.0000000180025095e-35 1.0000000180025095e-35
decision_type=2 2 2 2 2 2 2 2 2 2 2 2 2 2
left_child=7 2 6 4 -3 -4 -2 8 13 -5 11 -9 -10 -1
right_child=1 3 5 9 -6 -7 -8 10 12 -11 -12 -13 -14 -15
leaf_value=-0.057081274212352394 -0.080980953337505393 0.073268663610763785 -0.047935674211702549 0.039657004367354157 -0.088163165090409529 0.043031982726060049 0.058091030706706182 -0.022234297831311069 -0.12281027574218564 -0.097037724166305545 0.16825300793641174 0.11997940596197555 0.046565703682989588 -0.09228774791618842
leaf_weight=2429.5263186693192 8214.8703904747963 9850.7222391664982 5870.949883915484 640.65185160934925 5694.4586618691683 54622.81539914012 2474.6102242171764 1359.1438266932964 342.22685134410858 8511.3766275718808 491.18540509045124 560.56979556381702 1459.0821855589747 6078.3844242095947
leaf_count=3834 9367 41989 9992 2624 23080 234878 7244 3169 207 36360 2398 2550 4314 7008
internal_value=0.00380061 0.0100833 0.0217411 -0.0235173 0.0141335 0.0342035 -0.0487858 -0.0435567 -0.0653519 -0.0874689 0.0496415 0.0192931 0.0143863 -0.0822342
internal_weight=108601 95880.5 71183.2 24697.2 15545.2 60493.8 10689.5 12720.1 10309.2 9152.03 2410.9 1919.71 1801.31 8507.91
internal_count=389014 365534 261481 104053 65069 244870 16611 23480 15363 38984 8117 5719 4521 10842
is_linear=0
shrinkage=0.12


Tree=23
num_leaves=15
num_cat=0
split_feature=0 1 2 3 0 0 1 2 3 3 3 2 5 5
split_gain=13538.1 11289.4 5909.64 4423.53 2004.04 1933.72 646.701 1378.78 385.616 316.097 46.6044 39.3091 31.2832 25.1489
threshold=1.5000000000000002 1.5000000000000002 1.5000000000000002 1.5000000000000002 1.0000000180025095e-35 1.0000000180025095e-35 1.0000000180025095e-35 1.0000000180025095e-35 1.5000000000000002 1.5000000000000002 1.0000000180025095e-35 1.0000000180025095e-35 1.5000000000000002 1.5000000000000002
decision_type=2 2 2 2 2 2 2 2 2 2 2 2 2 2
left_child=1 2 3 -1 8 -4 7 9 -3 -2 12 -12 -8 -6
right_child=6 4 5 -5 13 -7 10 -9 -10 -11 11 -13 -14 -15
leaf_value=0.078523107709631834 0.1322319572976734 0.056647600372738499 0.049761605972970725 -0.0006871784659239872 -0.097882269826341239 -0.083490737160068065 -0.12281280946056741 -0.10087400512472934 -0.070604971876921344 -0.14181537934359495 -0.1102281124310337 -0.092108123476936823 -0.040197580956767995 -0.074582579186303399
leaf_weight=38653.68023340404 664.39391034841537 1675.426722317934 2083.213546320796 13768.748817518353 11067.100959599018 6343.6123546734452 1170.6526339650154 1229.3043665140867 431.16037627309561 66.692010268568993 1936.1916115134954 15731.678767733276 69.944873288273811 709.87397408485413
leaf_count=67400 482 4464 4521 48960 75950 41989 4899 8099 3653 317 10872 111809 263 5336
internal_value=-0.00341629 0.0204465 0.0427249 0.0577185 -0.0771956 -0.0505491 -0.0888707 -0.0232651 0.0306025 0.107232 -0.0956725 -0.0940939 -0.118155 -0.0964778
internal_weight=95601.7 74732.8 60849.3 52422.4 13883.6 8426.83 20868.9 1960.39 2106.59 731.086 18908.5 17667.9 1240.6 11777
internal_count=389014 252273 162870 116360 89403 46510 136741 8898 8117 799 127843 122681 5162 81286
is_linear=0
shrinkage=0.12


Tree=24
num_leaves=15
num_cat=0
split_feature=0 1 3 2 1 2 3 1 2 3 2 2 3 3
split_gain=15012.2 11951.8 2947.49 5211.31 2110.32 1785.26 1776.26 3014.55 1625.11 2890.28 743.131 430.991 601.799 30.4172
threshold=1.5000000000000002 1.5000000000000002 1.5000000000000002 1.5000000000000002 1.0000000180025095e-35 1.0000000180025095e-35 1.5000000000000002 1.5000000000000002 1.5000000000000002 1.5000000000000002 1.0000000180025095e-35 1.5000000000000002 1.5000000000000002 1.5000000000000002
decision_type=2 2 2 2 2 2 2 2 2 2 2 2 2 2
left_child=1 8 3 -3 11 -4 7 -6 -1 -10 -8 13 -13 -2
right_child=4 2 5 -5 6 -7 10 -9 9 -11 -12 12 -14 -15
leaf_value=-0.092257468488973995 -0.092562404836211226 -0.096077113017096955 -0.11683994888452028 0.084014291689060092 -0.0038951258663769716 0.093592151203997151 0.0082632684240982364 0.098053453703509583 -0.10091487484608551 0.039497328238818144 0.10696948861249221 -0.11719588609980847 0.11671437109339683 -0.13243731566967612
leaf_weight=28798.329905055463 576.11973892152309 4959.0631650611758 617.37242315709591 4337.6327326446772 9171.7933606058359 9733.4506009072065 1192.3508323282003 7668.7352983504534 4326.5735909119248 4122.4558572024107 13931.233078196645 286.53777842223644 354.13654188811779 527.88811782002449
leaf_count=116360 3549 37059 3308 14487 45853 34549 4782 27865 27066 19444 49343 1547 1077 2725
internal_value=-0.00113722 -0.0387353 0.0369925 -0.0120504 0.0623221 0.081041 0.0693368 0.0425296 -0.0786808 -0.0324049 0.0991874 -0.0661939 0.0120994 -0.111629
internal_weight=90603.7 56894.9 19647.5 9296.7 33708.8 10350.8 31964.1 16840.5 37247.4 8449.03 15123.6 1744.68 640.674 1104.01
internal_count=389014 252273 89403 51546 136741 37857 127843 73718 162870 46510 54125 8898 2624 6274
is_linear=0
shrinkage=0.12


Tree=25
num_leaves=15
num_cat=0
split_feature=0 1 3 0 2 5 0 1 2 2 5 2 5 5
split_gain=1956.05 2315.74 3345.64 3997.1 2856.41 3150.4 2445.47 1500.71 1481.01 917.887 504.877 502.015 479.704 159.243
threshold=1.0000000180025095e-35 1.5000000000000002 1.5000000000000002 1.5000000000000002 1.0000000180025095e-35 1.0000000180025095e-35 1.5000000000000002 1.5000000000000002 1.0000000180025095e-35 1.5000000000000002 1.5000000000000002 1.0000000180025095e-35 1.5000000000000002 1.0000000180025095e-35
decision_type=2 2 2 2 2 2 2 2 2 2 2 2 2 2
left_child=7 4 3 -3 5 -2 -6 9 -4 13 -11 -9 -13 -1
right_child=1 2 8 -5 6 -7 -8 11 -10 10 -12 12 -14 -15
leaf_value=-0.053170126114300574 0.10127595657094346 0.060049050113813979 0.057608819197824311 -0.071287476642227871 0.051821696034255293 -0.05904311975604791 -0.0012166787680291146 -0.068182511510048949 -0.087223628827912736 0.043547071193144618 -0.12794506513663342 0.09899438662439472 -0.060699410332702049 -0.09095587801764006
leaf_weight=2257.9284361898899 2143.2384506911039 9981.8387130722404 1138.1172829419374 5012.4724754840136 36249.727781265974 10002.84424367547 19121.592163413763 459.3614507317543 9529.5481839179993 1494.8790406361222 296.18651649355888 1577.6523125171661 327.01505567133427 5563.2435224056244
leaf_count=3834 7606 47082 4877 27865 133774 13779 80946 704 49605 4284 237 6939 474 7008
internal_value=0.00441537 0.0102829 -0.0204023 0.0161444 0.0219457 -0.030754 0.0335057 -0.041236 -0.0717717 -0.062302 0.0151876 0.0444194 0.0715763 -0.0800473
internal_weight=105156 93179.4 25662 14994.3 67517.4 12146.1 55371.3 11976.3 10667.7 9612.24 1791.07 2364.03 1904.67 7821.17
internal_count=389014 365534 129429 74947 236105 21385 214720 23480 54482 15363 4521 8117 7413 10842
is_linear=0
shrinkage=0.12


Tree=26
num_leaves=15
num_cat=0
split_feature=0 1 3 0 2 0 1 2 2 3 3 2 5 5
split_gain=11394 9324.85 4740.33 4790.46 3021.4 1773.26 544.61 1171.8 342.644 251.828 34.6724 29.2001 28.203 27.1113
threshold=1.5000000000000002 1.5000000000000002 1.5000000000000002 1.0000000180025095e-35 1.5000000000000002 1.0000000180025095e-35 1.0000000180025095e-35 1.0000000180025095e-35 1.0000000180025095e-35 1.5000000000000002 1.0000000180025095e-35 1.0000000180025095e-35 1.5000000000000002 1.5000000000000002
decision_type=2 2 2 2 2 2 2 2 2 2 2 2 2 2
left_child=1 2 4 -4 -1 8 7 9 -3 -2 12 -12 -8 -7
right_child=6 5 3 -5 -6 13 10 -9 -10 -11 11 -13 -14 -15
leaf_value=0.071135721288498113 0.11865057810275441 0.098194645106844017 0.07706412532112826 -0.06143894247988263 -0.027567662349339671 -0.09603300016020716 -0.11843264646430744 -0.099783150860962205 -0.0066203726660151946 -0.13038766621750708 -0.1067676938550679 -0.090529190309814794 -0.039529820358821369 -0.070977158094690407
leaf_weight=37257.948010385036 643.94362238049507 662.03554058074951 5315.5590864568949 11116.162919379771 5074.065760627389 10083.145889759064 1103.4528347551823 1162.0177577883005 1396.4452633932233 64.309505447745323 1799.9732159897685 13976.744617283344 69.332624986767769 662.73664712905884
leaf_count=67400 482 704 6291 62113 27066 75950 4899 8099 7413 317 10872 111809 263 5336
internal_value=-0.00399683 0.0178512 0.0380705 -0.0166341 0.0593048 -0.0749425 -0.0870807 -0.0256277 0.0270896 0.0960379 -0.0938616 -0.0923818 -0.113768 -0.0944877
internal_weight=90387.9 71568.1 58763.7 16431.7 42332 12804.4 18819.8 1870.27 2058.48 708.253 16949.5 15776.7 1172.79 10745.9
internal_count=389014 252273 162870 68404 94466 89403 136741 8898 8117 799 127843 122681 5162 81286
is_linear=0
shrinkage=0.12


Tree=27
num_leaves=15
num_cat=0
split_feature=0 1 3 2 2 1 3 2 5 2 1 3 2 5
split_gain=12249.5 10053.1 2249.34 4659.16 1985.39 3512.57 6448.04 1649.39 2869.21 1523.02 370.941 530.669 300.628 296.345
threshold=1.5000000000000002 1.5000000000000002 1.5000000000000002 1.5000000000000002 1.5000000000000002 1.5000000000000002 1.5000000000000002 1.5000000000000002 1.0000000180025095e-35 1.0000000180025095e-35 1.0000000180025095e-35 1.5000000000000002 1.0000000180025095e-35 1.5000000000000002
decision_type=2 2 2 2 2 2 2 2 2 2 2 2 2 2
left_child=1 7 3 -3 5 6 -2 -1 -9 -4 11 -6 -7 -12
right_child=4 2 9 -5 10 12 -8 8 -10 -11 13 -13 -14 -15
leaf_value=-0.090743864280582079 -0.1025504489979886 -0.094210963498339684 -0.11282162739957627 0.080504218475913908 -0.11395299328201157 0.0412402315168304 0.068825517140379641 0.045130586433278462 -0.09740279805104185 0.086294074188963787 0.11073090659867237 0.10981354970846285 0.10395351095260517 0.023391319882849072
leaf_weight=25976.12251406163 5480.3318204209208 4550.5696848705411 589.23272410035133 4251.2361970245838 276.63492232561111 1291.0588171780109 7471.7886358946562 3917.7733641564846 4229.0095307454467 9037.9180690348148 9201.5769198834896 340.41569279134274 7465.5932768583298 595.63135913014412
leaf_count=116360 36273 37059 3308 14487 1547 4482 26997 16708 29802 34549 33964 1077 30005 2396
internal_value=-0.00171317 -0.0373975 0.0340209 -0.00982425 0.0566649 0.0360019 -0.00368749 -0.0759689 -0.0288587 0.0741071 0.0997373 0.00949497 0.0947072 0.105421
internal_weight=84674.9 52551.9 18429 8801.81 32123 21708.8 12952.1 34122.9 8146.78 9627.15 10414.3 617.051 8756.65 9797.21
internal_count=389014 252273 89403 51546 136741 97757 63270 162870 46510 37857 38984 2624 34487 36360
is_linear=0
shrinkage=0.12


Tree=28
num_leaves=15
num_cat=0
split_feature=1 0 3 2 3 2 0 1 2 3 2 2 2 2
split_gain=1866.34 2479.75 3929.34 5448.28 2855.81 2486.05 2141.38 1425.78 1392.34 1349.12 1179.71 1006.13 453.827 381.541
threshold=1.0000000180025095e-35 1.5000000000000002 1.5000000000000002 1.5000000000000002 1.0000000180025095e-35 1.0000000180025095e-35 1.5000000000000002 1.5000000000000002 1.0000000180025095e-35 1.5000000000000002 1.0000000180025095e-35 1.0000000180025095e-35 1.5000000000000002 1.5000000000000002
decision_type=2 2 2 2 2 2 2 2 2 2 2 2 2 2
left_child=6 4 3 -3 7 -6 9 -2 -4 12 -11 -8 -1 -13
right_child=1 2 8 -5 5 -7 11 -9 -10 10 -12 13 -14 -15
leaf_value=-0.096895438748528781 -0.075865658999984473 0.068425131428334493 0.050413510320838434 -0.08786010986853332 -0.020363426383560684 0.044931907932562562 -0.066829297069868829 0.080269702213200997 -0.089988944450208525 -0.10392782467589298 0.060472687740109832 0.15153007126573817 -0.018148044372576267 0.035188738188795955
leaf_weight=6802.6602655649185 5422.0145829319954 10309.135560855269 1136.6617335677147 4665.8358492031693 10293.350149154663 45569.95456404984 613.94018760323524 997.06796471774578 9668.0594596266747 906.32726359367371 2050.702240422368 1170.200531706214 1247.0417749136686 621.49982526898384
leaf_count=6474 6324 52661 4782 21057 20556 205498 799 3629 49343 694 6356 5475 2742 2624
internal_value=0.00488376 0.011235 -0.0200643 0.0197305 0.0241903 0.0329006 -0.0368166 -0.0516134 -0.0752185 -0.0592328 0.0100841 0.065746 -0.0846961 0.111174
internal_weight=101474 88062.1 25779.7 14975 62282.4 55863.3 13412.4 6419.08 10804.7 11006.7 2957.03 2405.64 8049.7 1791.7
internal_count=389014 363850 127843 73718 236007 226054 25164 9953 54125 16266 7050 8898 9216 8099
is_linear=0
shrinkage=0.12


Tree=29
num_leaves=15
num_cat=0
split_feature=0 1 3 0 2 0 1 2 5 3 5 3 5 2
split_gain=9836.65 7746.93 4058.33 3865.52 2531.41 1611.17 469.116 1014.15 282.182 217.331 29.7007 22.9866 26.5947 23.2569
threshold=1.5000000000000002 1.5000000000000002 1.5000000000000002 1.0000000180025095e-35 1.5000000000000002 1.0000000180025095e-35 1.0000000180025095e-35 1.0000000180025095e-35 1.5000000000000002 1.5000000000000002 1.5000000000000002 1.0000000180025095e-35 1.5000000000000002 1.0000000180025095e-35
decision_type=2 2 2 2 2 2 2 2 2 2 2 2 2 2
left_child=1 2 4 -4 -1 8 7 9 -3 -2 -7 12 -8 -13
right_child=6 5 3 -5 -6 10 11 -9 -10 -11 -12 13 -14 -15
leaf_value=0.065535233230576279 0.10949161682957374 0.002848820041782467 0.070587080236603858 -0.057901259059786853 -0.02561749034205995 -0.09438906289449564 -0.11385186585163419 -0.098095235898321767 0.1141057593873263 -0.12531271513793937 -0.067184047739233504 -0.10431617345027901 -0.036473703418687359 -0.08930281849802725
leaf_weight=36025.697956711054 617.76386466622353 1551.3534591943026 4922.0008195340633 10704.25151848048 4995.5351539254189 9116.0657437592745 1035.1306164413691 1112.0144955217838 416.38451731204987 62.507563918828964 616.98210373520851 1686.3637210056186 68.174470216035843 12492.632258355618
leaf_count=67400 482 7596 6291 62113 27066 75950 4899 8099 521 317 5336 10872 263 111809
internal_value=-0.00410328 0.0162498 0.0346109 -0.0174296 0.0544347 -0.0726427 -0.0855749 -0.0274936 0.0263914 0.0879163 -0.0926645 -0.0923866 -0.109071 -0.0910884
internal_weight=85422.9 68348.3 56647.5 15626.3 41021.2 11700.8 17074.6 1792.29 1967.74 680.271 9733.05 15282.3 1103.31 14179
internal_count=389014 252273 162870 68404 94466 89403 136741 8898 8117 799 81286 127843 5162 122681
is_linear=0
shrinkage=0.12


Tree=30
num_leaves=15
num_cat=0
split_feature=1 0 2 3 0 2 3 5 0 2 5 2 3 3
split_gain=10126.1 8936.04 3008.57 5302.15 2663.59 1654.51 2783.19 1317.34 1398.94 1265.32 508.705 16.8762 6.52208 4.85539
threshold=1.5000000000000002 1.5000000000000002 1.5000000000000002 1.5000000000000002 1.0000000180025095e-35 1.5000000000000002 1.5000000000000002 1.5000000000000002 1.5000000000000002 1.0000000180025095e-35 1.5000000000000002 1.5000000000000002 1.5000000000000002 1.5000000000000002
decision_type=2 2 2 2 2 2 2 2 2 2 2 2 2 2
left_child=1 5 3 -3 11 -1 -7 9 -9 -6 -4 13 -13 -2
right_child=4 2 10 -5 7 6 -8 8 -10 -11 -12 12 -14 -15
leaf_value=-0.089504331090256462 -0.088127538517326617 -0.099717768608135027 0.10061871904736915 0.061204650293198451 -0.019094581905353382 -0.09845921759979763 0.044296263598264128 -0.14779325140084579 0.084486963782665514 0.078522977040567807 -0.038545019716000072 -0.13504530135542364 -0.10493883945491973 -0.10514308065131418
leaf_weight=23502.955929748714 600.75498259067535 5053.7976923510432 6655.04651299119 7077.157952837646 2083.0705576613545 3870.8345163017511 3997.6695176661015 841.73334716260433 671.00313887000084 23294.498729251325 401.04128102958202 264.74030403792858 170.25114803016186 403.80841733515263
leaf_count=116360 3169 36273 23652 26997 10868 27066 19444 5336 2930 110295 1676 1295 1103 2550
internal_value=-0.00192221 -0.0341048 0.0304041 -0.00583618 0.055512 -0.073559 -0.0259309 0.0640255 -0.0447609 0.0705102 0.0927092 -0.103517 -0.123262 -0.0949673
internal_weight=78888.4 50558.5 19187 12131 28329.9 31371.5 7868.5 26890.3 1512.74 25377.6 7056.09 1439.55 434.991 1004.56
internal_count=389014 251468 88598 63270 137546 162870 46510 129429 8266 121163 25328 8117 2398 5719
is_linear=0
shrinkage=0.12


Tree=31
num_leaves=15
num_cat=0
split_feature=1 0 3 2 3 0 0 2 2 3 2 2 2 2
split_gain=1653.49 1990.44 3264.3 4258.83 2383.54 2187.66 1858.92 1254.91 1156.22 1133.45 1032.29 787.274 409.849 318.604
threshold=1.0000000180025095e-35 1.5000000000000002 1.5000000000000002 1.5000000000000002 1.0000000180025095e-35 1.0000000180025095e-35 1.5000000000000002 1.0000000180025095e-35 1.5000000000000002 1.5000000000000002 1.0000000180025095e-35 1.0000000180025095e-35 1.5000000000000002 1.5000000000000002
decision_type=2 2 2 2 2 2 2 2 2 2 2 2 2 2
left_child=6 4 3 -3 8 -6 9 -4 -2 12 -11 -8 -1 -13
right_child=1 2 7 -5 5 -7 11 -9 -10 10 -12 13 -14 -15
leaf_value=-0.09460857635443258 -0.068241883313423624 0.06134022632545956 0.04705811266058834 -0.08171536918668941 -0.023742500457947048 0.041440753759898301 -0.059846075785342068 -0.086435770773992573 0.084771450150391919 -0.10298473555280512 0.051759346471198488 0.13922139828378632 -0.019212884211733068 0.031772417370514477
leaf_weight=6163.2379122972488 5338.3006402999163 10072.134720422328 1147.5153684616089 4265.9009841009974 8846.364613249898 45800.130179420114 576.13793921470642 8717.3187205716968 820.40793511271477 883.07752919197083 2089.9847444370389 1142.7571554481983 1248.5556999146938 609.24094894528389
leaf_count=6474 7009 52661 4782 21057 20855 205199 799 49343 2944 694 6356 5475 2742 2624
internal_value=0.00529139 0.0113278 -0.0177769 0.0187778 0.0229127 0.0308887 -0.0350726 -0.0709072 -0.0478588 -0.0567991 0.00579629 0.0618408 -0.0819078 0.101857
internal_weight=97721.1 85008.1 24202.9 14338 60805.2 54646.5 12713 9864.83 6158.71 10384.9 2973.06 2328.14 7411.79 1752
internal_count=389014 363850 127843 73718 236007 226054 25164 54125 9953 16266 7050 8898 9216 8099
is_linear=0
shrinkage=0.12


Tree=32
num_leaves=15
num_cat=0
split_feature=0 1 2 3 5 0 2 3 1 3 2 2 1 5
split_gain=8729.99 9651.58 7673.01 6558.25 3314.25 1169.49 820.83 667.966 402.846 280.368 402.345 273.057 391.923 110.992
threshold=1.0000000180025095e-35 1.0000000180025095e-35 1.0000000180025095e-35 1.0000000180025095e-35 1.0000000180025095e-35 1.5000000000000002 1.0000000180025095e-35 1.5000000000000002 1.5000000000000002 1.0000000180025095e-35 1.0000000180025095e-35 1.5000000000000002 1.0000000180025095e-35 1.0000000180025095e-35
decision_type=2 2 2 2 2 2 2 2 2 2 2 2 2 2
left_child=8 5 4 -4 -3 7 -7 -2 11 -10 -11 13 -13 -1
right_child=1 2 3 -5 -6 6 -8 -9 9 10 -12 12 -14 -15
leaf_value=0.072688926170678264 0.098574626611746777 -0.10149966724718479 0.040528265147329164 -0.093695145553803691 0.062714816507981955 0.079880710384717196 -0.093936005456947538 0.029591380715636922 0.12227365618751945 0.08644510835611792 -0.040554398110699094 0.11334524741511293 0.0045134575959226769 0.099009061893427869
leaf_weight=3219.8596329987049 8713.4461385756731 2130.5093628913164 6217.1118766367435 33420.512409195304 10453.255467541516 643.49037761986256 997.9893968552351 2631.8062147349119 353.19549290835857 553.29698359966278 1024.0846635401249 748.45667557418346 1311.288372784853 8139.2372111082077
leaf_count=3834 8242 11018 12889 298357 19749 799 8099 6381 375 667 7075 505 4016 7008
internal_value=-0.00453639 -0.0237023 -0.046725 -0.0726424 0.0349123 0.0688748 -0.0257966 0.0825723 0.0768853 0.0256323 0.00399312 0.084259 0.04406 0.0915483
internal_weight=80557.5 65208.1 52221.4 39637.6 12583.8 12986.7 1641.48 11345.3 15349.4 1930.58 1577.38 13418.8 2059.75 11359.1
internal_count=389014 365534 342013 311246 30767 23521 8898 14623 23480 8117 7742 15363 4521 10842
is_linear=0
shrinkage=0.12


Tree=33
num_leaves=15
num_cat=0
split_feature=1 0 2 3 0 2 5 5 0 3 5 2 3 3
split_gain=8913.44 7323.59 2503.59 4371.5 2355.88 1668.44 2683.18 1166.97 1162.6 1071.36 477.561 12.5717 4.59368 4.05329
threshold=1.5000000000000002 1.5000000000000002 1.5000000000000002 1.5000000000000002 1.0000000180025095e-35 1.5000000000000002 1.0000000180025095e-35 1.5000000000000002 1.5000000000000002 1.5000000000000002 1.5000000000000002 1.5000000000000002 1.5000000000000002 1.5000000000000002
decision_type=2 2 2 2 2 2 2 2 2 2 2 2 2 2
left_child=1 5 3 -3 11 -1 -7 9 -9 -6 -4 13 -13 -2
right_child=4 2 10 -5 7 6 -8 8 -10 -11 -12 12 -14 -15
leaf_value=-0.088453310293914789 -0.087201295953036176 -0.097199019987365035 0.09376510814256428 0.054614528139525886 0.043541799355304431 0.04738608395226996 -0.0952406006494802 -0.13503376128955646 0.081125848363839861 0.093912028429810349 -0.042300447458158516 -0.12877908292824364 -0.1030634978035511 -0.10327544027117093
leaf_weight=21163.133645504713 545.84673915058374 4626.5950042903423 6176.1050146371126 6667.4547640159726 13035.496798068285 3854.1254691779613 3744.9475127384067 843.20537487417459 623.04341521859169 11396.964000299573 395.2146787494421 258.49871285259724 163.17188803851604 385.39439111948013
leaf_count=116360 3169 36273 23652 26997 70167 16708 29802 5336 2930 50996 1676 1295 1103 2550
internal_value=-0.00178786 -0.0336531 0.0266899 -0.00757572 0.0527337 -0.0711346 -0.0229027 0.0607978 -0.0431825 0.0670379 0.0855818 -0.101638 -0.118828 -0.0938536
internal_weight=73879.2 46627.6 17865.4 11294 27251.6 28762.2 7599.07 25898.7 1466.25 24432.5 6571.32 1352.91 421.671 931.241
internal_count=389014 251468 88598 63270 137546 162870 46510 129429 8266 121163 25328 8117 2398 5719
is_linear=0
shrinkage=0.12


Tree=34
num_leaves=15
num_cat=0
split_feature=0 1 3 2 2 0 3 5 1 2 3 2 3 5
split_gain=1286.63 1934.96 2292.48 3004.5 2129.67 2748.18 1631.44 1259.35 1225.91 733.424 517.184 422.742 436.078 184.263
threshold=1.0000000180025095e-35 1.5000000000000002 1.5000000000000002 1.5000000000000002 1.0000000180025095e-35 1.5000000000000002 1.0000000180025095e-35 1.5000000000000002 1.5000000000000002 1.5000000000000002 1.0000000180025095e-35 1.5000000000000002 1.5000000000000002 1.0000000180025095e-35
decision_type=2 2 2 2 2 2 2 2 2 2 2 2 2 2
left_child=8 4 3 -3 5 -2 -6 -4 9 13 -11 12 -10 -1
right_child=1 2 7 -5 6 -7 -8 -9 11 10 -12 -13 -14 -15
leaf_value=-0.043759158900202162 -0.053014152976324461 0.047983724490648812 -0.077295178272503165 -0.076188322379880574 -0.033236578608239697 0.10219197569195279 0.03961441549601432 0.11639761580610132 -0.021490602441958759 -0.1218383140701815 0.042953203048457768 0.14445618178156339 0.10857365950304254 -0.088341819111667289
leaf_weight=1904.3179899007082 9260.759193316102 9598.1348465010524 8530.7329923585057 3965.2148142382503 4916.2032324820757 1997.0979820042849 44441.720818221569 512.40542751550674 1249.5467733740807 337.97153037786484 1454.4359283745289 476.21793130040169 528.07784482836723 4465.04027312994
leaf_count=3834 13733 53827 50996 21120 8843 7652 205877 3486 3169 207 4314 2398 2550 7008
internal_value=0.0054654 0.0104417 -0.0195205 0.0116823 0.021616 -0.0254812 0.0323582 -0.0663201 -0.0342958 -0.0559299 0.0118806 0.0440468 0.0171475 -0.0750124
internal_weight=93637.9 83222.3 22606.5 13563.3 60615.8 11257.9 49357.9 9043.14 10415.6 8161.77 1792.41 2253.84 1777.62 6369.36
internal_count=389014 365534 129429 74947 236105 21385 214720 54482 23480 15363 4521 8117 5719 10842
is_linear=0
shrinkage=0.12


Tree=35
num_leaves=15
num_cat=0
split_feature=0 1 2 3 5 0 2 3 1 2 3 3 5 5
split_gain=7339.43 7862.8 6938.21 5663.19 2873.55 909.131 661.898 609.73 411.485 272.958 413.155 261.514 206.397 116.598
threshold=1.0000000180025095e-35 1.0000000180025095e-35 1.0000000180025095e-35 1.0000000180025095e-35 1.0000000180025095e-35 1.5000000000000002 1.0000000180025095e-35 1.5000000000000002 1.5000000000000002 1.5000000000000002 1.0000000180025095e-35 1.5000000000000002 1.5000000000000002 1.0000000180025095e-35
decision_type=2 2 2 2 2 2 2 2 2 2 2 2 2 2
left_child=8 5 4 -4 -3 7 -7 -2 9 13 -11 12 -10 -1
right_child=1 2 3 -5 -6 6 -8 -9 11 10 -12 -13 -14 -15
leaf_value=0.068186557286808946 0.092604977953796547 -0.096053504274117948 0.034653033150990817 -0.092276531958314881 0.058883031041611446 0.072048926115459516 -0.090213740543758955 0.025504804783513201 0.019465529723195953 0.15321621911763375 0.014172065439799377 -0.069271782007668203 0.12777450499839221 0.096324831570871045
leaf_weight=2976.366912573576 7939.3901950418949 2070.1759354397655 6076.6965114623308 30304.784894734621 10300.60761629045 612.77243135869503 884.59960339218378 2585.0181016921997 1191.6129303127527 378.2573801279068 1650.4392075240612 376.45638577640057 321.77460107207298 7375.5453844666481
leaf_count=3834 8242 11018 12889 298357 19749 799 8099 6381 4199 207 4314 3653 265 7008
internal_value=-0.00505944 -0.0232444 -0.0446782 -0.0710758 0.0329553 0.0636764 -0.0238107 0.0761238 0.0723855 0.0803467 0.0400973 0.0202303 0.0424941 0.0882346
internal_weight=75044.5 60774 48752.3 36381.5 12370.8 12021.8 1497.37 10524.4 14270.5 12380.6 2028.7 1889.84 1513.39 10351.9
internal_count=389014 365534 342013 311246 30767 23521 8898 14623 23480 15363 4521 8117 4464 10842
is_linear=0
shrinkage=0.12


Tree=36
num_leaves=15
num_cat=0
split_feature=0 1 2 3 2 3 1 2 3 0 3 2 3 3
split_gain=7562.36 6233.11 1756.79 3843.85 1675.06 2598.5 1613.36 2161.57 3910.52 994.774 448.898 266.552 581.721 10.5762
threshold=1.5000000000000002 1.5000000000000002 1.5000000000000002 1.5000000000000002 1.5000000000000002 1.5000000000000002 1.5000000000000002 1.5000000000000002 1.5000000000000002 1.0000000180025095e-35 1.0000000180025095e-35 1.0000000180025095e-35 1.5000000000000002 1.5000000000000002
decision_type=2 2 2 2 2 2 2 2 2 2 2 2 2 2
left_child=1 4 3 -3 -1 -6 7 8 -2 -4 -9 12 -8 -13
right_child=6 2 9 -5 5 -7 11 10 -10 -11 -12 13 -14 -15
leaf_value=-0.087569974154816585 -0.095255729088282046 -0.093212010480986693 -0.110737798917995 0.056449865708652777 -0.09652792149660909 0.0466963467179261 -0.04009078743772581 -0.080751896895646449 0.052497507015331818 0.089118168894600419 0.088671011759407198 0.099709620308075245 0.12262745207923409 0.090512125104040428
leaf_weight=19077.37950283289 4262.0249820798635 4186.983667306602 382.69292423129082 6030.3575361073017 3417.3839117288589 3912.5268736928701 663.308877363801 233.81675709784031 6533.7071878165007 5704.8691957890987 6109.9693195521832 5444.8224946111441 604.88979840278625 2689.6945354342461
leaf_count=116360 36273 37059 2398 26866 27066 19444 2607 1016 26997 23080 24312 25258 1875 18403
internal_value=-0.00155602 -0.0328153 0.0255239 -0.00488036 -0.0688362 -0.0200783 0.0487469 0.0268337 -0.00583369 0.0765543 0.0824265 0.0886908 0.0375206 0.0966684
internal_weight=69254.4 42712.2 16304.9 10217.3 26407.3 7329.91 26542.2 17139.5 10795.7 6087.56 6343.79 9402.72 1268.2 8134.52
internal_count=389014 252273 89403 63925 162870 46510 136741 88598 63270 25478 25328 48143 4482 43661
is_linear=0
shrinkage=0.12


Tree=37
num_leaves=15
num_cat=0
split_feature=1 0 3 2 3 2 0 1 2 3 2 2 2 3
split_gain=1134.31 1681.4 2392.74 2930.67 1728.96 1506.96 1439.04 1196.48 1181.76 986.076 881.526 647.759 436.088 252.145
threshold=1.0000000180025095e-35 1.5000000000000002 1.5000000000000002 1.5000000000000002 1.0000000180025095e-35 1.0000000180025095e-35 1.5000000000000002 1.5000000000000002 1.0000000180025095e-35 1.5000000000000002 1.0000000180025095e-35 1.0000000180025095e-35 1.5000000000000002 1.5000000000000002
decision_type=2 2 2 2 2 2 2 2 2 2 2 2 2 2
left_child=6 4 3 -3 7 -6 9 -2 -4 12 -11 13 -1 -8
right_child=1 2 8 -5 5 -7 11 -9 -10 10 -12 -13 -14 -15
leaf_value=-0.091697960084240041 -0.065095391792298535 0.050092597957326422 0.048669460201313741 -0.074903834886840201 -0.013983275736953561 0.039030857213341527 -0.08527187356853258 0.080205998045456778 -0.082905413362987415 -0.099302562881727716 0.049528816247652672 0.094515279955602896 -0.01213109862783659 0.16188014437780748
leaf_weight=5190.7523841261864 4792.11138035357 9557.2061379998922 1128.2212363779545 3765.1661551967263 9528.3165957480669 40709.063592791557 487.49721357226372 983.56787815690041 7635.6290057897568 793.09050369262695 2065.7126280590892 1667.2300193458796 1226.2326611727476 67.69498248398304
leaf_count=6474 6324 52661 4782 21057 20556 205498 482 3629 49343 694 6356 8099 2742 317
internal_value=0.00559031 0.010771 -0.0172689 0.0147661 0.0218273 0.0289759 -0.0295988 -0.0403513 -0.065967 -0.0503785 0.00823995 0.0571302 -0.0764934 -0.0551365
internal_weight=89597.5 78099.3 22086.2 13322.4 56013.1 50237.4 11498.2 5775.68 8763.85 9275.79 2858.8 2222.42 6416.99 555.192
internal_count=389014 363850 127843 73718 236007 226054 25164 9953 54125 16266 7050 8898 9216 799
is_linear=0
shrinkage=0.12


Tree=38
num_leaves=15
num_cat=0
split_feature=0 1 3 0 2 0 1 2 5 3 5 3 3 2
split_gain=6282.14 4811.28 2908.75 2257.6 1818.85 1198.26 439.176 620.063 235.23 189.365 28.8872 27.023 20.7831 28.7216
threshold=1.5000000000000002 1.5000000000000002 1.5000000000000002 1.0000000180025095e-35 1.0000000180025095e-35 1.0000000180025095e-35 1.0000000180025095e-35 1.0000000180025095e-35 1.5000000000000002 1.5000000000000002 1.5000000000000002 1.0000000180025095e-35 1.0000000180025095e-35 1.0000000180025095e-35
decision_type=2 2 2 2 2 2 2 2 2 2 2 2 2 2
left_child=1 2 4 -4 -1 8 7 9 -3 -2 -7 -9 13 -8
right_child=6 5 3 -5 -6 10 12 11 -10 -11 -12 -13 -14 -15
leaf_value=0.09059811630462046 0.094558299766111825 -0.0043929642195220985 0.054791160714956599 -0.053763669745986009 0.028281240695523593 -0.092550341851725879 -0.038727311228823502 -0.00062804323725458003 0.10020606752602344 -0.12566461231911011 -0.064096362087663006 -0.093644436335785147 -0.088466459005410517 -0.11248939390425058
leaf_weight=9131.3974961638451 548.3723791539669 1443.0800569951534 3924.0440674722195 9289.8504361882806 25801.851390168071 6739.6126345843077 82.767145194113255 47.79746650904417 394.16390490531921 62.649674221873283 556.18482992053032 761.79332976415753 10218.428678914905 931.93647016584873
leaf_count=8850 482 7596 6291 62113 85616 75950 463 287 521 317 5336 7812 122681 4699
internal_value=-0.00562125 0.0112831 0.0264303 -0.0215268 0.0445706 -0.0685691 -0.0821428 -0.0192786 0.0180478 0.0719783 -0.0903812 -0.0881528 -0.090093 -0.106473
internal_weight=69933.9 57280.2 48147.1 13213.9 34933.2 9133.04 12653.7 1420.61 1837.24 611.022 7295.8 809.591 11233.1 1014.7
internal_count=389014 252273 162870 68404 94466 89403 136741 8898 8117 799 81286 8099 127843 5162
is_linear=0
shrinkage=0.12


Tree=39
num_leaves=15
num_cat=0
split_feature=1 0 2 3 0 2 5 2 5 0 5 2 3 3
split_gain=6426.35 5379.32 1850.08 3241.08 1742.79 1698.86 2515.51 1088.27 1050.51 769.19 471.495 3.72864 2.6981 1.60828
threshold=1.5000000000000002 1.5000000000000002 1.5000000000000002 1.5000000000000002 1.0000000180025095e-35 1.5000000000000002 1.0000000180025095e-35 1.0000000180025095e-35 1.5000000000000002 1.5000000000000002 1.5000000000000002 1.5000000000000002 1.5000000000000002 1.5000000000000002
decision_type=2 2 2 2 2 2 2 2 2 2 2 2 2 2
left_child=1 5 3 -3 11 -1 -7 9 -9 -6 -4 12 -2 -13
right_child=4 2 10 -5 7 6 -8 8 -10 -11 -12 13 -14 -15
leaf_value=-0.08677789113423777 -0.085764041744538236 -0.093510834354218919 0.085687423422502018 0.046259858206250865 -0.10695250455223579 0.049838398919657599 -0.093571273944892633 0.069489326116591491 -0.045395392878862961 0.036068780659330564 -0.052575600963952064 -0.11278254203371768 -0.099782092955057439 -0.096047244071870236
leaf_weight=17291.033998001367 450.97391074895859 3907.8215402588248 5486.5218702107668 6146.8845359757543 954.70676155388355 3779.9350550919771 3298.0516234263778 19668.101505406201 1217.0678200125694 1251.1004943549633 379.7450747191906 225.96855369210243 352.07477325201035 130.41529804468155
leaf_count=116360 3169 36273 23652 26997 7205 16708 29802 110295 7447 4482 1676 1295 2550 1103
internal_value=-0.00168784 -0.0310649 0.0231827 -0.00806286 0.0471197 -0.0665064 -0.0169846 0.0543282 0.0627945 -0.025833 0.0767371 -0.0964432 -0.0919099 -0.106658
internal_weight=64540.4 40290 15921 10054.7 24250.4 24369 7077.99 23091 20885.2 2205.81 5866.27 1159.43 803.049 356.384
internal_count=389014 251468 88598 63270 137546 162870 46510 129429 117742 11687 25328 8117 5719 2398
is_linear=0
shrinkage=0.12


Tree=40
num_leaves=15
num_cat=0
split_feature=0 1 2 3 1 3 0 1 0 2 5 3 2 5
split_gain=1023.75 1507.41 1882.66 1725.73 1502.39 1179.81 1139.96 905.863 805.792 676.655 505.374 359.675 409.084 195.095
threshold=1.0000000180025095e-35 1.5000000000000002 1.0000000180025095e-35 1.5000000000000002 1.0000000180025095e-35 1.0000000180025095e-35 1.5000000000000002 1.5000000000000002 1.5000000000000002 1.5000000000000002 1.5000000000000002 1.0000000180025095e-35 1.0000000180025095e-35 1.0000000180025095e-35
decision_type=2 2 2 2 2 2 2 2 2 2 2 2 2 2
left_child=7 4 8 -4 6 -6 -2 9 -3 13 -11 -9 -13 -1
right_child=1 2 3 -5 5 -7 -8 11 -10 10 -12 12 -14 -15
leaf_value=-0.038556244414536679 -0.043118224789983471 0.13491141446133248 -0.002032688125304603 -0.078544407939376559 -0.027064615968598976 0.036324674322637515 0.055978999416316351 -0.082448014091408367 -0.00036543301949194053 0.041959521988923949 -0.13155372139937907 -0.057697707921574554 0.084745263053955577 -0.086986010872670244
leaf_weight=1741.5311439186335 7748.0658990293741 1511.6657778918743 11220.044932607561 6828.5705835446715 4710.2081845402718 41306.376115247607 2131.4204133152962 310.9780674725771 1092.1955142617226 1471.637830644846 289.22413805127144 360.49826842546463 1491.6233386993408 3836.4517740011215
leaf_count=3834 14623 7205 68137 49605 8881 203703 8898 375 4482 4284 237 667 7075 7008
internal_value=0.00587314 0.0104846 -0.0172188 -0.0309804 0.0207205 0.0298362 -0.0217388 -0.0312773 0.0781692 -0.0513928 0.0134597 0.0369694 0.0570201 -0.0718655
internal_weight=86050.5 76548.5 20652.5 18048.6 55896.1 46016.6 9879.49 9501.94 2603.86 7338.84 1760.86 2163.1 1852.12 5577.98
internal_count=389014 365534 129429 117742 236105 212584 23521 23480 11687 15363 4521 8117 7742 10842
is_linear=0
shrinkage=0.12


Tree=41
num_leaves=15
num_cat=0
split_feature=0 1 2 3 5 2 5 0 1 2 1 3 2 5
split_gain=5619.03 6412.79 5158.41 4594.75 2449.99 652.222 828.742 514.827 345.568 274.531 384.305 240.597 349.666 126.78
threshold=1.0000000180025095e-35 1.0000000180025095e-35 1.0000000180025095e-35 1.0000000180025095e-35 1.0000000180025095e-35 1.5000000000000002 1.5000000000000002 1.5000000000000002 1.5000000000000002 1.5000000000000002 1.0000000180025095e-35 1.0000000180025095e-35 1.0000000180025095e-35 1.0000000180025095e-35
decision_type=2 2 2 2 2 2 2 2 2 2 2 2 2 2
left_child=8 5 4 -4 -3 7 -7 -2 9 13 -11 -10 -13 -1
right_child=1 2 3 -5 -6 6 -8 -9 11 10 -12 12 -14 -15
leaf_value=0.061182249452432856 0.080755728261752327 -0.09853001019156267 0.028080563044423218 -0.090805850910391964 0.050560164421217642 -0.07555662440874697 0.14119050612467929 -0.0067910023374690171 0.10889017654717235 0.10651382405923586 -0.0043167654659645371 0.079914952359921659 -0.044384476124854001 0.092692793439581297
leaf_weight=2617.0430120825768 8376.7369309216738 1908.6730745360255 5730.3035911768675 25570.084758274257 9423.2424406185746 979.17017447948456 343.01107181236148 1093.5313096791506 338.0121742784977 688.46232487261295 1303.5811298191547 486.43112969398499 987.47252650558949 6181.8197935223579
leaf_count=3834 10337 11018 12889 298357 19749 6457 453 6274 375 505 4016 667 7075 7008
internal_value=-0.00600435 -0.0230068 -0.043925 -0.0690408 0.0254484 0.0596241 -0.0193263 0.0706467 0.066071 0.0742134 0.033987 0.0175786 -0.00336204 0.0833206
internal_weight=66027.6 53424.8 42632.3 31300.4 11331.9 10792.4 1322.18 9470.27 12602.8 10790.9 1992.04 1811.92 1473.9 8798.86
internal_count=389014 365534 342013 311246 30767 23521 6910 16611 23480 15363 4521 8117 7742 10842
is_linear=0
shrinkage=0.12


Tree=42
num_leaves=15
num_cat=0
split_feature=0 1 2 3 2 3 1 2 3 0 3 2 3 3
split_gain=5617.47 4466.05 1675.84 2431.28 1608.3 3219.01 1371.83 1616.21 2915.91 735.578 437.905 263.888 523.945 7.5166
threshold=1.5000000000000002 1.5000000000000002 1.5000000000000002 1.5000000000000002 1.5000000000000002 1.5000000000000002 1.5000000000000002 1.5000000000000002 1.5000000000000002 1.0000000180025095e-35 1.0000000180025095e-35 1.0000000180025095e-35 1.5000000000000002 1.5000000000000002
decision_type=2 2 2 2 2 2 2 2 2 2 2 2 2 2
left_child=1 2 -1 -4 5 -3 7 8 -2 -6 -9 12 -8 -13
right_child=6 4 3 -5 9 -7 11 10 -10 -11 -12 13 -14 -15
leaf_value=-0.086073638741504505 -0.092059583446612248 -0.092554147452545824 -0.095090126117725729 0.048691584325129496 -0.10274453594439045 0.050282224533289691 -0.039181652136028935 -0.089157808973822833 0.044448361612338269 0.083402625666814834 0.081122925379307584 0.096306317052551993 0.11718339838543479 0.087667210443195059
leaf_weight=15541.718651723117 3594.4865093305707 3912.3910190276802 3036.0027170628309 3829.8499773442745 324.99704159796238 5418.7751161754131 663.47171039879322 226.54306276142597 6039.0711023211479 5145.149631395936 5433.7501441538334 4782.9332627281547 576.89426943659782 2081.3630705624819
leaf_count=116360 36273 37059 27066 19444 2398 26866 2607 1016 26997 23080 24312 25258 1875 18403
internal_value=-0.00150202 -0.0304728 -0.0642615 -0.0148871 0.0206797 -0.00960651 0.044568 0.0234162 -0.00648567 0.0723431 0.0743077 0.0844823 0.0335437 0.0936868
internal_weight=60607.4 37208.9 22407.6 6865.85 14801.3 9331.17 23398.5 15293.9 9633.56 5470.15 5660.29 8104.66 1240.37 6864.3
internal_count=389014 252273 162870 46510 89403 63925 136741 88598 63270 25478 25328 48143 4482 43661
is_linear=0
shrinkage=0.12


Tree=43
num_leaves=15
num_cat=0
split_feature=0 2 1 3 1 3 3 1 2 1 3 1 3 5
split_gain=791.603 1314.44 1768.21 1623.39 1609.63 1370.91 1365.04 926.672 784.376 584.802 692.893 553.241 329.931 203.631
threshold=1.0000000180025095e-35 1.5000000000000002 1.0000000180025095e-35 1.0000000180025095e-35 1.5000000000000002 1.0000000180025095e-35 1.5000000000000002 1.0000000180025095e-35 1.5000000000000002 1.0000000180025095e-35 1.0000000180025095e-35 1.5000000000000002 1.5000000000000002 1.0000000180025095e-35
decision_type=2 2 2 2 2 2 2 2 2 2 2 2 2 2
left_child=8 2 6 7 -5 -4 -2 -3 11 -10 -11 13 -13 -1
right_child=1 3 5 4 -6 -7 -8 -9 9 10 -12 12 -14 -15
leaf_value=-0.033971450806503496 -0.070823614155135065 -0.088855335049539477 -0.032362734959405101 -0.0028228641970874479 -0.083725512082123726 0.034625994253193931 0.037521997752861427 0.21941453429559435 -0.087794152552504556 -0.094144567978619226 0.10267047602748922 -0.0226727571910256 0.096134766793552234 -0.085899880210515075
leaf_weight=1616.8253707289696 5033.5591416656971 181.70113116502762 4902.8485308364034 12669.56206767261 4915.1594444364309 42817.812688298523 2509.2316753864288 618.04876209795475 446.53878778964281 315.78479298949242 1397.4810791760683 1170.4189158827066 472.45584569871426 3321.0075265467167
leaf_count=3834 9367 227 9992 64483 35202 234878 7244 4141 505 284 6130 3169 2550 7008
internal_value=0.00591104 0.00996323 0.0192097 -0.0178316 -0.0254362 0.0277435 -0.0347807 0.149376 -0.0282329 0.0345157 0.066394 -0.0488272 0.0114938 -0.0688966
internal_weight=82388.4 73647.9 55263.5 18384.5 17584.7 47720.7 7542.79 799.75 8740.51 2159.8 1713.27 6580.71 1642.87 4937.83
internal_count=389014 365534 261481 104053 99685 244870 16611 4368 23480 6919 6414 16561 5719 10842
is_linear=0
shrinkage=0.12


Tree=44
num_leaves=15
num_cat=0
split_feature=0 1 3 5 2 0 1 2 5 5 5 3 3 2
split_gain=4720.03 3472.58 2395.65 2019.47 1630.25 1037.26 426.802 508.892 227.083 154.339 34.641 29.0292 16.8956 27.0502
threshold=1.5000000000000002 1.5000000000000002 1.5000000000000002 1.5000000000000002 1.0000000180025095e-35 1.0000000180025095e-35 1.0000000180025095e-35 1.0000000180025095e-35 1.5000000000000002 1.0000000180025095e-35 1.5000000000000002 1.0000000180025095e-35 1.0000000180025095e-35 1.0000000180025095e-35
decision_type=2 2 2 2 2 2 2 2 2 2 2 2 2 2
left_child=1 2 4 -4 -1 8 7 9 -3 -2 -7 -9 13 -8
right_child=6 5 3 -5 -6 10 12 11 -10 -11 -12 -13 -14 -15
leaf_value=0.084941823504200195 -0.098031658068461647 -0.0065748187044286175 -0.044477699271499124 0.097098553346829167 0.022843283933441576 -0.091334626535521574 -0.038091802183897495 0.0093134742939659093 0.097780068124797295 0.092563835299841565 -0.058374699717129983 -0.091054864517422215 -0.0873501535352397 -0.11049963557034018
leaf_weight=8235.3359866142273 69.701771840453148 1338.7142957635224 10152.416382350028 1692.7388358265162 23344.006430052221 5561.3250717297196 81.274144619703293 44.397707290947437 387.10520368814468 500.43517261743546 500.502560518682 634.8682705797255 8206.4482646137476 865.234649091959
leaf_count=8850 286 7596 64236 4168 85616 75950 463 287 521 513 5336 7812 122681 4699
internal_value=-0.00642654 0.00854242 0.0217754 -0.0242457 0.0390375 -0.0652455 -0.0801206 -0.0143309 0.0168322 0.0692627 -0.0886132 -0.0844947 -0.0891011 -0.104282
internal_weight=61614.5 51212.1 43424.5 11845.2 31579.3 7787.65 10402.4 1249.4 1725.82 570.137 6061.83 679.266 9152.96 946.509
internal_count=389014 252273 162870 68404 94466 89403 136741 8898 8117 799 81286 8099 127843 5162
is_linear=0
shrinkage=0.12


Tree=45
num_leaves=15
num_cat=0
split_feature=0 1 2 5 5 3 1 2 5 1 2 3 2 3
split_gain=4974.38 3824.29 1615.02 2306.1 1534.41 1424.39 1329.34 1193.71 1116.47 828.678 217.088 462.019 100.263 20.8763
threshold=1.5000000000000002 1.5000000000000002 1.5000000000000002 1.0000000180025095e-35 1.5000000000000002 1.5000000000000002 1.0000000180025095e-35 1.0000000180025095e-35 1.5000000000000002 1.5000000000000002 1.5000000000000002 1.5000000000000002 1.5000000000000002 1.5000000000000002
decision_type=2 2 2 2 2 2 2 2 2 2 2 2 2 2
left_child=1 2 -1 -4 5 -3 10 9 -9 -8 13 -12 -6 -2
right_child=6 4 3 -5 12 -7 7 8 -10 -11 11 -13 -14 -15
leaf_value=-0.085445822506422617 -0.085521066162268136 -0.010365228708466179 0.048698276330680475 -0.092767121354838042 -0.16591423142265821 0.069092599034940333 -0.11760603561886418 0.06762646322361239 -0.05626745385632656 0.031747723447583545 -0.12097566543170826 0.093049982161037728 -0.082300084957895661 -0.12629077997593705
leaf_weight=14120.253748320043 277.88629620522261 6508.6480579823256 3744.4251150935888 2979.9314060136676 548.76288866251707 6486.4723215848207 953.08279255032539 17518.295425750315 1113.994341365993 1219.3719288110733 294.94102132320404 286.15773840248585 331.11903621256351 517.98033884912729
leaf_count=116360 3549 48162 16708 29802 4250 35384 6853 109388 7120 4482 1547 1077 1607 2725
internal_value=-0.00154296 -0.0299025 -0.0623955 -0.0139928 0.0189121 0.0292959 0.0428465 0.050404 0.060219 -0.0337756 -0.0713417 -0.0155803 -0.134448 -0.112056
internal_weight=56901.3 34719.6 20844.6 6724.36 13875 12995.1 22181.7 20804.7 18632.3 2172.45 1376.97 581.099 879.882 795.867
internal_count=389014 252273 162870 46510 89403 83546 136741 127843 116508 11335 8898 2624 5857 6274
is_linear=0
shrinkage=0.12


Tree=46
num_leaves=15
num_cat=0
split_feature=0 1 0 2 2 5 0 2 1 1 5 2 3 5
split_gain=721.011 969.513 1716.74 2297.32 1230.58 2062.85 1084.54 673.647 524.549 506.492 621.244 477.766 300.049 207.893
threshold=1.0000000180025095e-35 1.5000000000000002 1.5000000000000002 1.5000000000000002 1.0000000180025095e-35 1.0000000180025095e-35 1.5000000000000002 1.5000000000000002 1.5000000000000002 1.0000000180025095e-35 1.5000000000000002 1.0000000180025095e-35 1.5000000000000002 1.0000000180025095e-35
decision_type=2 2 2 2 2 2 2 2 2 2 2 2 2 2
left_child=7 4 3 -3 5 -2 -6 8 13 -9 -11 -4 -10 -1
right_child=1 2 11 -5 6 -7 -8 9 12 10 -12 -13 -14 -15
leaf_value=-0.031705299262656451 0.091029393996890029 0.041442376633333 0.0011285275067560488 -0.06875769453106613 0.040787826593212631 -0.046075696681371896 -4.3990511946206589e-05 -0.086180739669805759 -0.02070783251841737 0.094701016708464064 -0.098634242457211141 -0.088181573179951886 0.093731458325120046 -0.085463992294981694
leaf_weight=1559.3611683994532 1963.2555873095989 9477.3887723535299 1076.8673231899738 3822.8988181203604 28458.604905590415 8100.0129370093346 13963.230646103621 419.53556303679943 1157.9273667037487 1384.2226983308792 289.36407653987408 4333.6106289699674 461.37079954147339 3085.6034178435802
leaf_count=3834 7606 58206 4482 23080 133774 13779 80946 505 3169 6050 364 43661 2550 7008
internal_value=0.00612347 0.0100376 -0.0134157 0.00976759 0.0183986 -0.0193277 0.027348 -0.0272204 -0.0469139 0.0317183 0.0612732 -0.0704059 0.0118982 -0.0674167
internal_weight=79553.3 71195.9 18710.8 13300.3 52485.1 10063.3 42421.8 8357.39 6264.26 2093.12 1673.59 5410.48 1619.3 4644.96
internal_count=389014 365534 129429 81286 236105 21385 214720 23480 16561 6919 6414 48143 5719 10842
is_linear=0
shrinkage=0.12


Tree=47
num_leaves=15
num_cat=0
split_feature=0 1 2 3 5 2 5 3 1 2 5 5 3 5
split_gain=4250.99 4754.02 4386.48 3901.97 2118.28 570.334 681.795 452.581 289.222 227.077 338.443 198.681 282.887 139.369
threshold=1.0000000180025095e-35 1.0000000180025095e-35 1.0000000180025095e-35 1.0000000180025095e-35 1.0000000180025095e-35 1.5000000000000002 1.5000000000000002 1.5000000000000002 1.5000000000000002 1.5000000000000002 1.5000000000000002 1.5000000000000002 1.0000000180025095e-35 1.0000000180025095e-35
decision_type=2 2 2 2 2 2 2 2 2 2 2 2 2 2
left_child=8 5 4 -4 -3 7 -7 -2 9 13 -11 12 -10 -1
right_child=1 2 3 -5 -6 6 -8 -9 11 10 -12 -13 -14 -15
leaf_value=0.054071371313037457 0.081662077550602188 -0.096386615216821431 0.024029905103523208 -0.089701695948940743 0.047607185538296147 -0.075453204086883705 0.1220901151059028 0.020171908394996409 0.096489364590566201 0.010453090647134015 0.15032216083192332 0.091771444226510082 -0.037024807767668373 0.089773253384469565
leaf_weight=2289.6375288963318 5999.2604588121176 1762.9172824397683 5424.3441107794642 21809.540126770735 8889.1552307158709 931.42235559225082 344.69560562446713 2418.5026873648167 294.71359997987747 1609.0569292455912 294.75142472982407 377.31596949696541 1017.4054326526821 5041.2149361371994
leaf_count=3834 9367 11018 12889 298357 19749 6457 453 7244 341 4284 237 521 7255 7008
internal_value=-0.00682596 -0.0223254 -0.0415125 -0.0670491 0.0237762 0.0526624 -0.0220943 0.0639954 0.0606816 0.0690331 0.0321079 0.0150312 -0.00703634 0.0786225
internal_weight=58503.9 47579.8 37886 27233.9 10652.1 9693.88 1276.12 8417.76 10924.1 9234.66 1903.81 1689.44 1312.12 7330.85
internal_count=389014 365534 342013 311246 30767 23521 6910 16611 23480 15363 4521 8117 7596 10842
is_linear=0
shrinkage=0.12


Tree=48
num_leaves=15
num_cat=0
split_feature=0 1 2 3 5 3 1 5 2 2 2 3 2 3
split_gain=4008.7 3277.59 1613.04 2216.63 1351.51 1313.28 1181.39 1516.66 1380.86 380.902 257.99 475.455 86.3308 3.6959
threshold=1.5000000000000002 1.5000000000000002 1.5000000000000002 1.5000000000000002 1.5000000000000002 1.5000000000000002 1.5000000000000002 1.5000000000000002 1.0000000180025095e-35 1.5000000000000002 1.0000000180025095e-35 1.5000000000000002 1.5000000000000002 1.5000000000000002
decision_type=2 2 2 2 2 2 2 2 2 2 2 2 2 2
left_child=1 2 -1 -4 5 -3 7 8 -2 -9 11 -8 -6 -12
right_child=6 4 3 -5 12 -7 10 9 -10 -11 13 -13 -14 -15
leaf_value=-0.084879104575790149 -0.11096674934746571 -0.011046708734012357 -0.094096025748585707 0.047993164576953469 -0.15948387549715637 0.066743192066003931 -0.038635612776669818 -0.21669217041008645 0.03956193230358266 -0.051836878620346805 0.092661101883789815 0.11252352724382828 -0.081070950194590582 0.085918886771619518
leaf_weight=12651.700342774391 943.95098721981049 6307.9155843257904 2714.3274547606707 3786.5598856508732 518.32180772349238 6193.792697712779 663.38887289166451 433.80178371071815 12475.271622031927 377.40936118364334 4005.1319715827703 546.47786390781403 331.49704810976982 1654.4006464928389
leaf_count=116360 7227 48162 27066 19444 4250 35384 2607 3679 76016 1676 25258 1875 1607 18403
internal_value=-0.00166054 -0.0281001 -0.0599158 -0.0113336 0.017539 0.0274932 0.0390695 0.0193412 0.0289733 -0.139995 0.0799379 0.0296406 -0.128897 0.0906902
internal_weight=53603.9 32504.1 19152.6 6500.89 13351.5 12501.7 21099.8 14230.4 13419.2 811.211 6869.4 1209.87 849.819 5659.53
internal_count=389014 252273 162870 46510 89403 83546 136741 88598 83243 5355 48143 4482 5857 43661
is_linear=0
shrinkage=0.12


Tree=49
num_leaves=15
num_cat=0
split_feature=1 0 2 0 5 0 3 3 2 3 3 2 2 3
split_gain=571.625 1116.25 976.327 1435.78 1442.61 1358.76 1234.21 757.599 827.75 626.256 448.604 432.13 420.318 179.416
threshold=1.0000000180025095e-35 1.5000000000000002 1.5000000000000002 1.5000000000000002 1.0000000180025095e-35 1.0000000180025095e-35 1.0000000180025095e-35 1.5000000000000002 1.0000000180025095e-35 1.0000000180025095e-35 1.5000000000000002 1.0000000180025095e-35 1.5000000000000002 1.5000000000000002
decision_type=2 2 2 2 2 2 2 2 2 2 2 2 2 2
left_child=1 7 5 4 -4 10 -7 12 -9 -5 -2 13 -1 -3
right_child=2 11 3 9 -6 6 -8 8 -10 -11 -12 -13 -14 -15
leaf_value=-0.088253901841563676 -0.063664878481005285 -0.073735563431426648 -0.041157021290440514 0.15085345396221195 0.042171757132938817 -0.032050993839619603 0.032306564663469942 -0.098273806612309583 0.049724949678581043 -0.081321094065843966 0.010997276028878185 0.088529496375898589 -0.0058041687774250108 0.14051452828691394
leaf_weight=3876.1462329030037 3533.1327146887779 397.83696600794792 5234.4700352549553 173.93504440039396 6982.5593097433448 4812.1231868416071 39619.644815336913 749.7087861597538 1985.0542277395725 4382.8088440299034 1724.4481258690357 1562.1107146888971 1155.8516304343939 65.558371737599373
leaf_count=6474 8901 482 23812 1481 43385 9992 234878 694 6356 34879 6522 8099 2742 317
internal_value=0.00607211 -0.0209955 0.0100601 -0.0149725 0.00646897 0.0185104 0.0253364 -0.0416858 0.00915252 -0.0724588 -0.0391762 0.058341 -0.0693152 -0.0434248
internal_weight=76255.4 9792.27 66463.1 16773.8 12217 49689.3 44431.8 7766.76 2734.76 4556.74 5257.58 2025.51 5032 463.395
internal_count=389014 25164 363850 103557 67197 260293 244870 16266 7050 36360 15423 8898 9216 799
is_linear=0
shrinkage=0.12


Tree=50
num_leaves=15
num_cat=0
split_feature=0 1 5 2 0 5 3 1 2 3 5 3 2 2
split_gain=3851.58 2870.95 2817.25 2258.31 1881.56 363.668 634.936 295.428 409.191 130.658 25.369 13.5836 23.6553 16.8508
threshold=1.5000000000000002 1.0000000180025095e-35 1.0000000180025095e-35 1.0000000180025095e-35 1.0000000180025095e-35 1.5000000000000002 1.5000000000000002 1.0000000180025095e-35 1.0000000180025095e-35 1.5000000000000002 1.5000000000000002 1.0000000180025095e-35 1.0000000180025095e-35 1.0000000180025095e-35
decision_type=2 2 2 2 2 2 2 2 2 2 2 2 2 2
left_child=1 5 4 -4 -3 6 -1 8 9 -2 -10 12 -9 -13
right_child=7 2 3 -5 -6 -7 -8 11 10 -11 -12 13 -14 -15
leaf_value=0.078008079883474885 0.079870332931799223 0.021939903189319633 0.063357768768980124 -0.011675488923878857 -0.096934208685880097 0.12747040902758888 0.004989059883272127 -0.040908595516988444 -0.09227357245399477 -0.11464876894665099 -0.0063405385780612505 -0.099346392266934341 -0.10900694461807073 -0.083976705145468192
leaf_weight=5902.5527875870466 444.57706129550934 2648.2168096937239 8367.9488728642464 18648.902184829116 6947.5650259144604 1199.552727162838 2417.0325694233179 80.871083796024323 614.79894873127341 55.987154334783554 53.799367148429155 1269.5975261554122 800.94305245578289 5379.9324330948293
leaf_count=8667 482 7718 13728 139382 75179 1021 6578 463 7627 317 472 10872 4699 111809
internal_value=-0.00682115 0.00699079 -0.00827353 0.0115646 -0.0641277 0.0657006 0.0567944 -0.0800547 -0.0239326 0.0581137 -0.0853589 -0.0887671 -0.102762 -0.0869112
internal_weight=54832.3 46131.8 36612.6 27016.9 9595.78 9519.14 8319.59 8700.51 1169.16 500.564 668.598 7531.34 881.814 6649.53
internal_count=389014 252273 236007 153110 82897 16266 15245 136741 8898 799 8099 127843 5162 122681
is_linear=0
shrinkage=0.12


Tree=51
num_leaves=15
num_cat=0
split_feature=0 1 2 5 2 3 1 3 2 2 0 2 3 3
split_gain=3353.22 3025.7 1520.43 1988.17 1186.59 2582.34 1114.51 1408.44 2299.14 1346.61 551.93 254.925 426.576 2.7303
threshold=1.5000000000000002 1.5000000000000002 1.5000000000000002 1.0000000180025095e-35 1.5000000000000002 1.5000000000000002 1.5000000000000002 1.5000000000000002 1.5000000000000002 1.0000000180025095e-35 1.0000000180025095e-35 1.0000000180025095e-35 1.5000000000000002 1.5000000000000002
decision_type=2 2 2 2 2 2 2 2 2 2 2 2 2 2
left_child=1 2 -1 -4 5 -3 7 8 -2 -9 -6 12 -8 -13
right_child=6 4 3 -5 10 -7 11 9 -10 -11 -12 13 -14 -15
leaf_value=-0.084414357793766687 -0.09159449185996496 -0.090462103552039652 0.044860880458165019 -0.091542105947557753 -0.097411193975411287 0.044993699734886185 -0.035663446285522239 -0.12058507883027773 0.051320931065397535 0.068821597050632052 0.076503038620898495 0.091363470825072526 0.10925230995967491 0.085281584854972906
leaf_weight=11490.480156879872 3385.8796401321888 3382.1780909784138 3739.7157016098499 2614.5261116027832 279.49785748124123 5056.7630386725068 665.97217659652233 587.7445515319705 3109.6631220132113 6727.2951394617558 4390.6256317198277 3699.1481423228979 521.58807718753815 1491.4665847569704
leaf_count=116360 36273 37059 16708 29802 2398 26866 2607 3224 14676 34425 23080 25258 1875 18403
internal_value=-0.00139477 -0.02621 -0.0583665 -0.0112637 0.0175629 -0.00929459 0.0366525 0.0174919 -0.0231754 0.0536033 0.0660946 0.0781408 0.027985 0.0896159
internal_weight=51142.5 30953.8 17844.7 6354.24 13109.1 8438.94 20188.8 13810.6 6495.54 7315.04 4670.12 6378.17 1187.56 5190.61
internal_count=389014 252273 162870 46510 89403 63925 136741 88598 50949 37649 25478 48143 4482 43661
is_linear=0
shrinkage=0.12


Tree=52
num_leaves=15
num_cat=0
split_feature=0 2 1 0 1 3 0 3 1 2 3 5 3 5
split_gain=438.59 795.062 1220.5 1577.01 1067.31 1138.58 1094.7 626.888 600.004 464.239 417.044 274.532 317.342 233.353
threshold=1.0000000180025095e-35 1.5000000000000002 1.5000000000000002 1.5000000000000002 1.0000000180025095e-35 1.0000000180025095e-35 1.5000000000000002 1.0000000180025095e-35 1.5000000000000002 1.5000000000000002 1.5000000000000002 1.5000000000000002 1.0000000180025095e-35 1.0000000180025095e-35
decision_type=2 2 2 2 2 2 2 2 2 2 2 2 2 2
left_child=8 4 3 -3 6 -6 -2 -4 9 13 -11 12 -10 -1
right_child=1 2 7 -5 5 -7 -8 -9 11 10 -12 -13 -14 -15
leaf_value=-0.023501748063694299 -0.053951017845164477 0.036477178667333299 0.14708727432462645 -0.05420816935627383 -0.031718733983749803 0.030386760044787704 0.066522995989722264 -0.079310775978102502 -0.06561560768534222 -0.025679538736730571 0.10759397548839481 -0.061030931856916958 0.080247176428421454 -0.084578379507965443
leaf_weight=1379.2293504327536 5146.8303675055504 8071.7852432131767 184.17199075594544 4197.2453118413687 4777.7023389041424 38541.738602794707 1376.5966259390116 4028.0974949635565 255.48491768538952 1193.3508631885052 471.77558948844671 344.70749914646149 1348.1986033171415 2596.8086950331926
leaf_count=3834 10337 41989 1534 25328 9992 234878 6274 35202 341 2684 1837 521 7255 7008
internal_value=0.0060408 0.00916775 -0.0136804 0.00545365 0.0167228 0.0235371 -0.0285282 -0.069412 -0.0212852 -0.0411143 0.0120805 0.036126 0.0570096 -0.0633918
internal_weight=73913.7 66324.2 16481.3 12269 49842.9 43319.4 6523.43 4212.27 7589.56 5641.16 1665.13 1948.39 1603.68 3976.04
internal_count=389014 365534 104053 67317 261481 244870 16611 36736 23480 15363 4521 8117 7596 10842
is_linear=0
shrinkage=0.12


Tree=53
num_leaves=15
num_cat=0
split_feature=0 1 5 1 2 0 1 2 2 5 5 3 3 5
split_gain=3333.82 2481.56 1940.84 1756.64 1522.84 801.291 264.141 333.906 174.943 131.839 34.0692 27.7905 9.8289 23.657
threshold=1.5000000000000002 1.5000000000000002 1.0000000180025095e-35 1.0000000180025095e-35 1.0000000180025095e-35 1.0000000180025095e-35 1.0000000180025095e-35 1.0000000180025095e-35 1.0000000180025095e-35 1.0000000180025095e-35 1.5000000000000002 1.0000000180025095e-35 1.0000000180025095e-35 1.5000000000000002
decision_type=2 2 2 2 2 2 2 2 2 2 2 2 2 2
left_child=1 2 3 -1 -4 8 7 9 -3 -2 -7 -9 13 -8
right_child=6 5 4 -5 -6 10 12 11 -10 -11 -12 -13 -14 -15
leaf_value=0.051910723682306939 -0.10771104505450663 0.073875349002564886 0.07819594820373299 -0.059553471014673981 0.015919242493194957 -0.090791891392735774 -0.10631305000046241 0.0086349948864852429 -0.014350289503746318 0.07983823900609896 -0.056875275947302281 -0.090033790586966048 -0.086363157609353564 -0.030127285231512774
leaf_weight=2843.3514431864023 62.584680274128914 446.78624351322651 7922.2717817872763 7170.2533430308104 19748.86472344026 4377.2471172139049 754.68017175793648 44.434764355421066 1174.2728966474533 392.24043600261211 472.51920223981142 548.6184934861958 5962.1069880090654 63.640865914523602
leaf_count=5689 286 704 9740 52146 95295 75950 4899 287 7413 513 5336 7812 122681 263
internal_value=-0.00721697 0.00557859 0.0173668 -0.0279033 0.0337491 -0.0630735 -0.0793903 -0.0233193 0.00996591 0.0540312 -0.0874874 -0.082641 -0.0880558 -0.100388
internal_weight=51983.9 44155.6 37684.7 10013.6 27671.1 6470.83 7828.31 1047.88 1621.06 454.825 4849.77 593.053 6780.43 818.321
internal_count=389014 252273 162870 57835 105035 89403 136741 8898 8117 799 81286 8099 127843 5162
is_linear=0
shrinkage=0.12


Tree=54
num_leaves=15
num_cat=0
split_feature=3 1 0 5 2 0 2 2 0 2 2 0 2 5
split_gain=3253.87 2640.79 1731.67 1829.51 1914.41 1348.18 2196.99 1112.46 1794.43 834.027 586.554 7.07726 3.43921 4.21228
threshold=1.5000000000000002 1.5000000000000002 1.0000000180025095e-35 1.5000000000000002 1.0000000180025095e-35 1.5000000000000002 1.5000000000000002 1.5000000000000002 1.5000000000000002 1.5000000000000002 1.0000000180025095e-35 1.5000000000000002 1.5000000000000002 1.0000000180025095e-35
decision_type=2 2 2 2 2 2 2 2 2 2 2 2 2 2
left_child=1 7 12 4 -4 6 -3 11 -9 -5 -7 -1 -2 -14
right_child=2 5 3 9 -6 10 -8 8 -10 -11 -12 -13 13 -15
leaf_value=-0.083572807730237522 -0.086373735772272822 -0.089432319502485258 -0.058416262616498391 -0.14813655761466682 0.064196727658391628 -0.032719334611980573 0.055271789295890668 -0.093891784610635576 0.04517418114590166 0.043123693405211674 0.090226811868982543 -0.090464650373227692 -0.11424056668297201 -0.088987372584264396
leaf_weight=6875.7823822647333 1173.6194029524922 3108.7698179855943 2052.2362506575882 1016.7627763226628 17218.92984752357 668.00690695643425 2939.4644501954317 2450.9210473485291 2937.541010171175 484.88943009078503 3417.3639104887843 3118.9271691925824 161.20959097146988 231.98975956439972
leaf_count=67400 7004 37059 12940 6759 131717 2607 14487 27066 14676 2828 25258 36273 1052 1888
internal_value=-0.00141884 -0.0306965 0.0320227 0.0411983 0.0511394 0.0168673 -0.0191056 -0.0620289 -0.0180794 -0.0863779 0.0701236 -0.0857235 -0.0896279 -0.099341
internal_weight=47856.4 25516.8 22339.6 20772.8 19271.2 10133.6 6048.23 15383.2 5388.46 1501.65 4085.37 9994.71 1566.82 393.199
internal_count=389014 224826 164188 154244 144657 79411 51546 145415 41742 9587 27865 103673 9944 2940
is_linear=0
shrinkage=0.12


Tree=55
num_leaves=15
num_cat=0
split_feature=0 1 0 3 2 0 3 3 5 2 1 2 1 2
split_gain=408.873 658.521 1251.41 1622.17 939.304 1568.19 907.823 583.025 1231.55 631.737 455.132 427.245 330.591 222.379
threshold=1.0000000180025095e-35 1.5000000000000002 1.5000000000000002 1.5000000000000002 1.0000000180025095e-35 1.5000000000000002 1.5000000000000002 1.5000000000000002 1.0000000180025095e-35 1.0000000180025095e-35 1.5000000000000002 1.0000000180025095e-35 1.5000000000000002 1.5000000000000002
decision_type=2 2 2 2 2 2 2 2 2 2 2 2 2 2
left_child=7 4 3 -3 5 -2 -6 12 9 -9 -10 -4 -1 -14
right_child=1 2 11 -5 6 -7 -8 8 10 -11 -12 -13 13 -15
leaf_value=-0.064269580077295926 -0.041544088287794982 0.046539015863614995 0.0011053119586288103 -0.042722406888182171 0.039609613968752358 0.085397301180401189 0.0015513226400563568 -0.054103896028248263 -0.052899031657394527 0.23802262747885383 0.090056591345274509 -0.08614310983673347 -0.015226128673746595 0.11967107091313606
leaf_weight=3517.9516519606113 7521.0092064291239 6925.1119031310081 1057.8739940822124 5084.2102617174387 23144.288713887334 1722.289793163538 14794.738007538021 136.96040515601635 1479.2911421954632 480.88738991320133 409.4679863229394 3424.5324283242226 1091.5961416363716 209.7952798306942
leaf_count=9072 13733 47082 4482 34204 123882 7652 90838 300 3994 3185 2465 43661 3169 1295
internal_value=0.00610737 0.00919622 -0.0114453 0.00874972 0.0164111 -0.0178913 0.0247684 -0.0207396 0.0262004 0.173266 -0.0219074 -0.065552 -0.0451538 0.00652044
internal_weight=71000 63674.1 16491.7 12009.3 47182.3 9243.3 37939 7325.95 2506.61 617.848 1888.76 4482.41 4819.34 1301.39
internal_count=389014 365534 129429 81286 236105 21385 214720 23480 9944 3485 6459 48143 13536 4464
is_linear=0
shrinkage=0.12


Tree=56
num_leaves=15
num_cat=0
split_feature=0 1 2 3 3 5 3 1 3 5 2 3 2 3
split_gain=2944.11 2973.74 3114.18 3466.5 1688.21 498.624 881.843 252.695 234.66 1029.86 157.019 231.052 80.714 45.4315
threshold=1.0000000180025095e-35 1.0000000180025095e-35 1.0000000180025095e-35 1.0000000180025095e-35 1.5000000000000002 1.5000000000000002 1.5000000000000002 1.5000000000000002 1.5000000000000002 1.0000000180025095e-35 1.0000000180025095e-35 1.0000000180025095e-35 1.5000000000000002 1.5000000000000002
decision_type=2 2 2 2 2 2 2 2 2 2 2 2 2 2
left_child=7 5 4 -4 -3 6 -2 8 12 -10 13 -12 -1 -9
right_child=1 2 3 -5 -6 -7 -8 10 9 -11 11 -13 -14 -15
leaf_value=0.08761306502812545 0.057668641045886655 0.046805801958052951 0.024305897365094021 -0.088104637318590445 -0.072538856501542931 0.11719581401621712 -0.037266622689276392 0.092163374006773199 -0.11553653001970397 0.071031627911993633 0.083423690486591803 -0.043657099690721811 0.05293168754360085 -0.0027118448657897682
leaf_weight=3622.0613644123077 5080.2012470178306 7389.5051802992821 5120.4177298173308 17288.185112059116 2219.4364389050752 1130.734568785876 1949.6952150166035 337.04664307832718 530.31789228320122 2167.1086075603962 270.27398228645325 866.62124908715487 1317.9159474670887 92.661021441221237
leaf_count=6388 12546 17927 12889 298357 12840 1411 9564 398 2297 3994 338 7075 2684 306
internal_value=-0.00740597 -0.0214298 -0.0379116 -0.0624186 0.01924 0.0432353 0.031339 0.0538121 0.0628174 0.0343521 0.00991008 -0.0134462 0.0783606 0.0717047
internal_weight=49382.2 40178.2 32017.5 22408.6 9608.94 8160.63 7029.9 9204.01 7637.4 2697.43 1566.6 1136.9 4939.98 429.708
internal_count=389014 365534 342013 311246 30767 23521 22110 23480 15363 6291 8117 7413 9072 704
is_linear=0
shrinkage=0.12


Tree=57
num_leaves=15
num_cat=0
split_feature=3 1 1 5 0 2 0 0 2 2 2 2 0 0
split_gain=2658.25 2267.17 1583.75 1546.08 1525.18 1100.37 1636.9 1063.71 2011.79 770.723 524.758 119.697 417.112 28.2506
threshold=1.5000000000000002 1.5000000000000002 1.0000000180025095e-35 1.5000000000000002 1.0000000180025095e-35 1.5000000000000002 1.5000000000000002 1.5000000000000002 1.5000000000000002 1.5000000000000002 1.0000000180025095e-35 1.5000000000000002 1.5000000000000002 1.5000000000000002
decision_type=2 2 2 2 2 2 2 2 2 2 2 2 2 2
left_child=1 5 11 4 -4 -1 -7 8 -3 -5 -9 13 -13 -2
right_child=2 7 3 9 -6 6 -8 10 -10 -11 -12 12 -14 -15
leaf_value=-0.085110729623525588 -0.085016907055777011 -0.088310465576234398 -0.088639407266001669 -0.14355600426073617 0.057191647713575329 -0.092426707568611544 0.044084277070742597 -0.029096266527546395 0.054359592020526808 0.045618278646362205 0.088423476043877222 -0.11528464900639424 0.084792038317794929 -0.12261447183838374
leaf_weight=8949.0801940001547 694.73255473002791 2806.0470876134932 1098.8985012918711 951.97475557774305 17148.965881813318 2243.4077301807702 2899.9039212167263 669.49653244018555 2888.1132948100567 459.96874021738768 2993.830731458962 377.44922016561031 249.04763877391815 491.30684445053339
leaf_count=103673 5001 37059 8690 6765 135093 27066 14676 2607 14487 2788 25258 2049 1077 2725
internal_value=-0.0013522 -0.0292852 0.0291534 0.0390489 0.0484096 -0.0596899 -0.015459 0.0165043 -0.0159473 -0.0819287 0.066946 -0.078179 -0.0357493 -0.100591
internal_weight=44922.2 23449.9 21472.3 19659.8 18247.9 14092.4 5143.31 9357.49 5694.16 1411.94 3663.33 1812.54 626.497 1186.04
internal_count=389014 224826 164188 153336 143783 145415 41742 79411 51546 9553 27865 10852 3126 7726
is_linear=0
shrinkage=0.12


Tree=58
num_leaves=15
num_cat=0
split_feature=3 0 1 5 0 1 1 2 2 2 0 2 1 2
split_gain=307.353 1103.04 1005.14 828.448 658.327 1077.98 1038.56 1461.4 756.86 602.846 434.835 301.375 133.266 201.921
threshold=1.0000000180025095e-35 1.5000000000000002 1.5000000000000002 1.0000000180025095e-35 1.5000000000000002 1.0000000180025095e-35 1.5000000000000002 1.5000000000000002 1.5000000000000002 1.0000000180025095e-35 1.0000000180025095e-35 1.0000000180025095e-35 1.5000000000000002 1.0000000180025095e-35
decision_type=2 2 2 2 2 2 2 2 2 2 2 2 2 2
left_child=1 2 3 -1 5 8 7 -6 -2 -7 -4 -8 -3 -14
right_child=4 12 10 -5 6 9 11 -9 -10 -11 -12 -13 13 -15
leaf_value=0.047895208636149919 -0.051072057467833269 0.12596398347091847 -0.059866374973270069 -0.085489456530369795 0.029906452587792495 -0.0055353931699141622 -0.01070270717769602 -0.05924692529756307 0.047551570290767252 0.031693749767293687 0.12343799492310653 -0.086027034382118242 0.26969520078321058 -0.061068766135850508
leaf_weight=814.16871902346611 5017.9325049221516 737.72816301882267 255.38099290430546 3800.574227258563 9371.1120342686772 7904.4105190783739 1044.7717166543007 3690.2118699997663 1442.6577205881476 30167.065147444606 689.47671104967594 2855.2817185148597 33.377160057425499 130.45045946910977
leaf_count=2442 11018 3483 375 4475 60803 20556 4295 24312 4655 205498 3254 41850 187 1811
internal_value=0.00599451 -0.0189026 -0.0388689 -0.0619567 0.00861047 0.0162732 -0.0115079 0.00471798 -0.0290493 0.0239642 0.0738935 -0.0658487 0.104222 0.00631891
internal_weight=67954.6 6461.16 5559.6 4614.74 61493.4 44532.1 16961.4 13061.3 6460.59 38071.5 944.858 3900.05 901.556 163.828
internal_count=389014 16027 10546 6917 372987 241727 131260 85115 15673 226054 3629 46145 5481 1998
is_linear=0
shrinkage=0.12


Tree=59
num_leaves=15
num_cat=0
split_feature=0 1 3 5 2 0 1 2 5 5 5 3 3 5
split_gain=2587.64 1892.38 1794.46 1581.05 1231.29 700.72 273.623 316.467 162.266 109.708 39.2082 26.6566 8.02454 23.6643
threshold=1.5000000000000002 1.5000000000000002 1.5000000000000002 1.5000000000000002 1.5000000000000002 1.0000000180025095e-35 1.0000000180025095e-35 1.0000000180025095e-35 1.5000000000000002 1.0000000180025095e-35 1.5000000000000002 1.0000000180025095e-35 1.0000000180025095e-35 1.5000000000000002
decision_type=2 2 2 2 2 2 2 2 2 2 2 2 2 2
left_child=1 2 4 -4 -1 8 7 9 -3 -2 -7 -9 13 -8
right_child=6 5 3 -5 -6 10 12 11 -10 -11 -12 -13 -14 -15
leaf_value=0.043208183867423797 -0.090670943589429828 -0.012403400672864485 -0.05039715810466925 0.083927175497246084 -0.030275024733162355 -0.090541248273305189 -0.10548311284529142 0.0076080716202227318 0.080860996167573626 0.079601485860530563 -0.052120830942273232 -0.089072535106233711 -0.085833046454414086 -0.028237546965725165
leaf_weight=20845.843238092959 63.489588342607021 1142.1912196800113 8106.2452565841377 1494.4490216821432 3897.5034161098301 3657.8162591271102 694.20010256022215 44.789652846753597 351.24130807816982 384.3857706040144 427.15206648409367 494.04669360816479 4813.9730523247272 62.229073636233807
leaf_count=67400 286 7596 64236 4168 27066 75950 4899 287 521 513 5336 7812 122681 263
internal_value=-0.00745727 0.00401767 0.0145471 -0.0294882 0.0316333 -0.0608081 -0.0773215 -0.0190777 0.00953151 0.0554641 -0.0865237 -0.0810362 -0.0876385 -0.0991284
internal_weight=46479.6 39922.4 34344 9600.69 24743.3 5578.4 6557.11 986.712 1493.43 447.875 4084.97 538.836 5570.4 756.429
internal_count=389014 252273 162870 68404 94466 89403 136741 8898 8117 799 81286 8099 127843 5162
is_linear=0
shrinkage=0.12


end of trees

feature_importances:
initiates_play=251
responds_to_teacher=205
speaks_to_peers=151
participates_in_group=134
withdrawal_score=99

parameters:
[boosting: gbdt]
[objective: multiclass]
[metric: multi_logloss]
[tree_learner: serial]
[device_type: cpu]
[data_sample_strategy: bagging]
[data: ]
[valid: ]
[num_iterations: 20]
[learning_rate: 0.12]
[num_leaves: 15]
[num_threads: 4]
[seed: 42]
[deterministic: 0]
[force_col_wise: 0]
[force_row_wise: 0]
[histogram_pool_size: -1]
[max_depth: 4]
[min_data_in_leaf: 20]
[min_sum_hessian_in_leaf: 0.001]
[bagging_fraction: 1]
[pos_bagging_fraction: 1]
[neg_bagging_fraction: 1]
[bagging_freq: 0]
[bagging_seed: 400]
[bagging_by_query: 0]
[feature_fraction: 1]
[feature_fraction_bynode: 1]
[feature_fraction_seed: 30056]
[extra_trees: 0]
[extra_seed: 12879]
[early_stopping_round: 0]
[early_stopping_min_delta: 0]
[first_metric_only: 0]
[max_delta_step: 0]
[lambda_l1: 0]
[lambda_l2: 0]
[linear_lambda: 0]
[min_gain_to_split: 0]
[drop_rate: 0.1]
[max_drop: 50]
[skip_drop: 0.5]
[xgboost_dart_mode: 0]
[uniform_drop: 0]
[drop_seed: 17869]
[top_rate: 0.2]
[other_rate: 0.1]
[min_data_per_group: 100]
[max_cat_threshold: 32]
[cat_l2: 10]
[cat_smooth: 10]
[max_cat_to_onehot: 4]
[top_k: 20]
[monotone_constraints: ]
[monotone_constraints_method: basic]
[monotone_penalty: 0]
[feature_contri: ]
[forcedsplits_filename: ]
[refit_decay_rate: 0.9]
[cegb_tradeoff: 1]
[cegb_penalty_split: 0]
[cegb_penalty_feature_lazy: ]
[cegb_penalty_feature_coupled: ]
[path_smooth: 0]
[interaction_constraints: ]
[verbosity: -1]
[saved_feature_importance_type: 0]
[use_quantized_grad: 0]
[num_grad_quant_bins: 4]
[quant_train_renew_leaf: 0]
[stochastic_rounding: 1]
[linear_tree: 0]
[max_bin: 255]
[max_bin_by_feature: ]
[min_data_in_bin: 3]
[bin_construct_sample_cnt: 200000]
[data_random_seed: 175]
[is_enable_sparse: 1]
[enable_bundle: 1]
[use_missing: 1]
[zero_as_missing: 0]
[feature_pre_filter: 1]
[pre_partition: 0]
[two_round: 0]
[header: 0]
[label_column: ]
[weight_column: ]
[group_column: ]
[ignore_column: ]
[categorical_feature: ]
[forcedbins_filename: ]
[precise_float_parser: 0]
[parser_config_file: ]
[objective_seed: 16083]
[num_class: 3]
[is_unbalance: 0]
[scale_pos_weight: 1]
[sigmoid: 1]
[boost_from_average: 1]
[reg_sqrt: 0]
[alpha: 0.9]
[fair_c: 1]
[poisson_max_delta_step: 0.7]
[tweedie_variance_power: 1.5]
[lambdarank_truncation_level: 30]
[lambdarank_norm: 1]
[label_gain: ]
[lambdarank_position_bias_regularization: 0]
[eval_at: ]
[multi_error_top_k: 1]
[auc_mu_weights: ]
[num_machines: 1]
[local_listen_port: 12400]
[time_out: 120]
[machine_list_filename: ]
[machines: ]
[gpu_platform_id: -1]
[gpu_device_id: -1]
[gpu_use_dp: 0]
[num_gpu: 1]

end of parameters

pandas_categorical:[]
