{
  "boys": {
    "65.0": { "L": -0.3521, "M": 7.2666, "S": 0.08223 },
    "65.5": { "L": -0.3521, "M": 7.3854, "S": 0.08218 },
    "66.0": { "L": -0.3521, "M": 7.5034, "S": 0.08215 },
    "66.5": { "L": -0.3521, "M": 7.6206, "S": 0.08213 },
    "67.0": { "L": -0.3521, "M": 7.7370, "S": 0.08212 },
    "67.5": { "L": -0.3521, "M": 7.8526, "S": 0.08212 },
    "68.0": { "L": -0.3521, "M": 7.9674, "S": 0.08214 },
    "68.5": { "L": -0.3521, "M": 8.0816, "S": 0.08216 },
    "69.0": { "L": -0.3521, "M": 8.1955, "S": 0.08219 },
    "69.5": { "L": -0.3521, "M": 8.3092, "S": 0.08224 },
    "70.0": { "L": -0.3521, "M": 8.4227, "S": 0.08229 },
    "70.5": { "L": -0.3521, "M": 8.5358, "S": 0.08235 },
    "71.0": { "L": -0.3521, "M": 8.6480, "S": 0.08241 },
    "71.5": { "L": -0.3521, "M": 8.7594, "S": 0.08248 },
    "72.0": { "L": -0.3521, "M": 8.8697, "S": 0.08254 },
    "72.5": { "L": -0.3521, "M": 8.9788, "S": 0.08262 },
    "73.0": { "L": -0.3521, "M": 9.0865, "S": 0.08269 },
    "73.5": { "L": -0.3521, "M": 9.1927, "S": 0.08276 },
    "74.0": { "L": -0.3521, "M": 9.2974, "S": 0.08283 },
    "74.5": { "L": -0.3521, "M": 9.4010, "S": 0.08289 },
    "75.0": { "L": -0.3521, "M": 9.5032, "S": 0.08295 },
    "75.5": { "L": -0.3521, "M": 9.6041, "S": 0.08301 },
    "76.0": { "L": -0.3521, "M": 9.7033, "S": 0.08307 },
    "76.5": { "L": -0.3521, "M": 9.8007, "S": 0.08311 },
    "77.0": { "L": -0.3521, "M": 9.8963, "S": 0.08314 },
    "77.5": { "L": -0.3521, "M": 9.9902, "S": 0.08317 },
    "78.0": { "L": -0.3521, "M": 10.0827, "S": 0.08318 },
    "78.5": { "L": -0.3521, "M": 10.1741, "S": 0.08318 },
    "79.0": { "L": -0.3521, "M": 10.2649, "S": 0.08316 },
    "79.5": { "L": -0.3521, "M": 10.3558, "S": 0.08313 },
    "80.0": { "L": -0.3521, "M": 10.4475, "S": 0.08308 }
  },
  "girls": {
    "65.0": { "L": -0.3833, "M": 7.0812, "S": 0.09119 },
    "65.5": { "L": -0.3833, "M": 7.1950, "S": 0.09115 },
    "66.0": { "L": -0.3833, "M": 7.3076, "S": 0.09110 },
    "66.5": { "L": -0.3833, "M": 7.4189, "S": 0.09106 },
    "67.0": { "L": -0.3833, "M": 7.5288, "S": 0.09101 },
    "67.5": { "L": -0.3833, "M": 7.6375, "S": 0.09096 },
    "68.0": { "L": -0.3833, "M": 7.7448, "S": 0.09090 },
    "68.5": { "L": -0.3833, "M": 7.8509, "S": 0.09085 },
    "69.0": { "L": -0.3833, "M": 7.9559, "S": 0.09079 },
    "69.5": { "L": -0.3833, "M": 8.0599, "S": 0.09074 },
    "70.0": { "L": -0.3833, "M": 8.1630, "S": 0.09068 },
    "70.5": { "L": -0.3833, "M": 8.2651, "S": 0.09062 },
    "71.0": { "L": -0.3833, "M": 8.3666, "S": 0.09056 },
    "71.5": { "L": -0.3833, "M": 8.4676, "S": 0.09050 },
    "72.0": { "L": -0.3833, "M": 8.5679, "S": 0.09043 },
    "72.5": { "L": -0.3833, "M": 8.6674, "S": 0.09037 },
    "73.0": { "L": -0.3833, "M": 8.7661, "S": 0.09031 },
    "73.5": { "L": -0.3833, "M": 8.8638, "S": 0.09025 },
    "74.0": { "L": -0.3833, "M": 8.9601, "S": 0.09018 },
    "74.5": { "L": -0.3833, "M": 9.0552, "S": 0.09012 },
    "75.0": { "L": -0.3833, "M": 9.1490, "S": 0.09005 },
    "75.5": { "L": -0.3833, "M": 9.2418, "S": 0.08999 },
    "76.0": { "L": -0.3833, "M": 9.3337, "S": 0.08992 },
    "76.5": { "L": -0.3833, "M": 9.4252, "S": 0.08985 },
    "77.0": { "L": -0.3833, "M": 9.5166, "S": 0.08979 },
    "77.5": { "L": -0.3833, "M": 9.6086, "S": 0.08972 },
    "78.0": { "L": -0.3833, "M": 9.7015, "S": 0.08965 },
    "78.5": { "L": -0.3833, "M": 9.7957, "S": 0.08959 },
    "79.0": { "L": -0.3833, "M": 9.8915, "S": 0.08952 },
    "79.5": { "L": -0.3833, "M": 9.9892, "S": 0.08946 },
    "80.0": { "L": -0.3833, "M": 10.0891, "S": 0.08940 }
  }
}